,Name,Discounted Price,Market Price,Ratings,Processor,Ram,OS,Hard Disk,Display,Spec1,Spec2,Spec3,Spec4,Spec5,Spec6,Spec7
3,Dell Vostro Core i3 10th Gen - (8 GB/1 TB HDD/Windows 10 Home) Vostro 3491 Thin and Light Laptop,"₹38,606",N/A,4.3,Intel Core i3 Processor (10th Gen),8 GB DDR4 RAM,64 bit Windows 10 Operating System,1 TB HDD,35.56 cm (14 inch) Display,Microsoft Office Home and Student 2019,"1 Year Limited Hardware Warranty, In Home Service After Remote Diagnosis - Retail",,,,,
4,Acer Aspire 7 Core i5 9th Gen - (8 GB/512 GB SSD/Windows 10 Home/4 GB Graphics/NVIDIA Geforce GTX 1650...,"₹56,990","₹79,999",4.5,Intel Core i5 Processor (9th Gen),8 GB DDR4 RAM,64 bit Windows 10 Operating System,512 GB SSD,39.62 cm (15.6 inch) Display,"Acer Collection, Acer Product Registration , Quick Access, Acer Care Center",1 Year International Travelers Warranty (ITW),,,,,
5,HP 15s Core i5 10th Gen - (8 GB/512 GB SSD/Windows 10 Home) 15s-du2078TU Thin and Light Laptop,"₹52,990","₹53,751",4.5,Intel Core i5 Processor (10th Gen),8 GB DDR4 RAM,64 bit Windows 10 Operating System,512 GB SSD,39.62 cm (15.6 inch) Display,Microsoft Office Home and Student 2019,1 Year Onsite Warranty,,,,,
6,Asus VivoBook 14 Ryzen 5 Quad Core 2nd Gen - (8 GB/512 GB SSD/Windows 10 Home) X412DA-EK502T Thin and ...,"₹42,990","₹52,990",4.4,AMD Ryzen 5 Quad Core Processor (2nd Gen),8 GB DDR4 RAM,64 bit Windows 10 Operating System,512 GB SSD,35.56 cm (14 inch) Display,"Asus Giftbox, Asus Live Update",1 Year Limited International Hardware Warranty,,,,,
7,Dell Vostro Core i3 10th Gen - (4 GB/256 GB SSD/Windows 10 Home) Vostro 3491 Thin and Light Laptop,"₹35,990","₹37,474",4.3,Intel Core i3 Processor (10th Gen),4 GB DDR4 RAM,64 bit Windows 10 Operating System,256 GB SSD,35.56 cm (14 inch) Display,Microsoft Office Home and Student 2019,"1 Year Limited Hardware Warranty, In Home Service After Remote Diagnosis - Retail",,,,,
8,Dell Vostro Core i5 10th Gen - (8 GB/1 TB HDD/256 GB SSD/Windows 10 Home) Vostro 3491 Thin and Light L...,"₹53,859",N/A,4.4,Intel Core i5 Processor (10th Gen),8 GB DDR4 RAM,64 bit Windows 10 Operating System,1 TB HDD|256 GB SSD,35.56 cm (14 inch) Display,Microsoft Office Home and Student 2019,"1 Year Limited Hardware Warranty, In Home Service After Remote Diagnosis - Retail",,,,,
9,HP 14s Core i3 8th Gen - (4 GB/256 GB SSD/Windows 10 Home) 14s-cs0001TU Thin and Light Laptop,"₹34,490","₹39,764",4.4,Intel Core i3 Processor (8th Gen),4 GB DDR4 RAM,64 bit Windows 10 Operating System,256 GB SSD,35.56 cm (14 inch) Display,Microsoft Office Home and Student 2019,1 Year Onsite Warranty,,,,,
10,HP Pavilion Gaming Ryzen 5 Quad Core - (8 GB/512 GB SSD/Windows 10 Home/4 GB Graphics/NVIDIA Geforce G...,"₹59,990","₹61,934",4.4,AMD Ryzen 5 Quad Core Processor,8 GB DDR4 RAM,64 bit Windows 10 Operating System,512 GB SSD,39.62 cm (15.6 inch) Display,1 Year Onsite Warranty,,,,,,
11,HP Pavilion Gaming Ryzen 5 Quad Core - (8 GB/1 TB HDD/Windows 10 Home/4 GB Graphics/NVIDIA Geforce GTX...,"₹54,990","₹56,144",4.3,AMD Ryzen 5 Quad Core Processor,8 GB DDR4 RAM,64 bit Windows 10 Operating System,1 TB HDD,39.62 cm (15.6 inch) Display,1 Year Onsite Warranty,,,,,,
12,Lenovo Ideapad 3 Core i5 10th Gen - (4 GB/1 TB HDD/Windows 10 Home) 15IIL05 Laptop,"₹43,990","₹61,490",3.8,Intel Core i5 Processor (10th Gen),4 GB DDR4 RAM,64 bit Windows 10 Operating System,1 TB HDD,39.62 cm (15.6 inch) Display,Microsoft Office Home and Student 2019,1 Year Onsite Warranty,,,,,
13,Asus VivoBook Gaming Core i5 8th Gen - (8 GB/512 GB SSD/Windows 10 Home/4 GB Graphics/NVIDIA Geforce G...,"₹52,990","₹68,990",4.7,Intel Core i5 Processor (8th Gen),8 GB DDR4 RAM,64 bit Windows 10 Operating System,512 GB SSD,39.62 cm (15.6 inch) Display,"My Asus, Splendid, Tru2Life",1 Year Onsite Warranty,,,,,
14,Asus VivoBook 14 Ryzen 5 Quad Core 2nd Gen - (8 GB/512 GB SSD/Windows 10 Home) X412DA-EK501T Thin and ...,"₹42,990","₹44,551",4.4,AMD Ryzen 5 Quad Core Processor (2nd Gen),8 GB DDR4 RAM,64 bit Windows 10 Operating System,512 GB SSD,35.56 cm (14 inch) Display,"Asus Giftbox, Asus Live Update",1 Year Limited International Hardware Warranty,,,,,
15,Asus VivoBook 14 Core i3 10th Gen - (4 GB/256 GB SSD/Windows 10 Home) X412FA-EK361T Thin and Light Lap...,"₹38,990","₹44,990",4.4,Intel Core i3 Processor (10th Gen),4 GB DDR4 RAM,64 bit Windows 10 Operating System,256 GB SSD,35.56 cm (14 inch) Display,"Asus Splendid, Tru2Life",1 Year Onsite Warranty,,,,,
16,Asus VivoBook 14 Core i5 10th Gen - (8 GB/1 TB HDD/256 GB SSD/Windows 10 Home) X412FA-EK512T Thin and ...,"₹55,990","₹66,990",4.5,Intel Core i5 Processor (10th Gen),8 GB DDR4 RAM,64 bit Windows 10 Operating System,1 TB HDD|256 GB SSD,35.56 cm (14 inch) Display,"Asus Splendid, Tru2Life",1 Year Onsite Warranty,,,,,
17,Dell Vostro Core i3 10th Gen - (4 GB/1 TB HDD/Windows 10 Home) Vostro 3491 Thin and Light Laptop,"₹35,990","₹36,041",4,Intel Core i3 Processor (10th Gen),4 GB DDR4 RAM,64 bit Windows 10 Operating System,1 TB HDD,35.56 cm (14 inch) Display,Microsoft Office Home and Student 2019,"1 Year Limited Hardware Warranty, In Home Service After Remote Diagnosis - Retail",,,,,
18,Asus VivoBook 14 Core i5 10th Gen - (8 GB/1 TB HDD/256 GB SSD/Windows 10 Home/2 GB Graphics) X412FJ-EK...,"₹59,990","₹72,990",4.6,Intel Core i5 Processor (10th Gen),8 GB DDR4 RAM,64 bit Windows 10 Operating System,1 TB HDD|256 GB SSD,35.56 cm (14 inch) Display,"Asus Splendid, Tru2Life",1 Year Onsite Warranty,,,,,
19,HP 14s Core i5 10th Gen - (8 GB/512 GB SSD/Windows 10 Home) 14s-cs3010TU Laptop,"₹52,990","₹54,671",4.4,#N/A,Intel Core i5 Processor (10th Gen),8 GB DDR4 RAM,64 bit Windows 10 Operating System,512 GB SSD,35.56 cm (14 inch) Display,Microsoft Office Home and Student 2019,1 Year Onsite Warranty,,,,
20,Asus VivoBook 14 Core i5 10th Gen - (8 GB/1 TB HDD/256 GB SSD/Windows 10 Home/2 GB Graphics) X412FJ-EK...,"₹59,990","₹72,990",4.5,Intel Core i5 Processor (10th Gen),8 GB DDR4 RAM,64 bit Windows 10 Operating System,1 TB HDD|256 GB SSD,35.56 cm (14 inch) Display,"Asus Splendid, Tru2Life",1 Year Onsite Warranty,,,,,
21,HP 14s Core i3 10th Gen - (8 GB/256 GB SSD/Windows 10 Home) 14s-cf3074TU Thin and Light Laptop,"₹37,788",N/A,4,Intel Core i3 Processor (10th Gen),8 GB DDR4 RAM,64 bit Windows 10 Operating System,256 GB SSD,35.56 cm (14 inch) Display,"HP Documentation, HP CoolSense, HP SSRM, HP Smart, HP Support Assistant, Microsoft Office Home and Student 2019",1 Year Onsite Warranty,,,,,
22,Lenovo IdeaPad Gaming 3 Core i5 10th Gen - (8 GB/1 TB HDD/256 GB SSD/Windows 10 Home/4 GB Graphics/NVI...,"₹68,990","₹1,03,990",4.3,Intel Core i5 Processor (10th Gen),8 GB DDR4 RAM,64 bit Windows 10 Operating System,1 TB HDD|256 GB SSD,39.62 cm (15.6 inch) Display,1 Year Onsite Warranty,,,,,,
23,HP 14s Core i5 10th Gen - (8 GB/1 TB HDD/256 GB SSD/Windows 10 Home) 14S-ER0003TU Thin and Light Lapto...,"₹63,990","₹64,819",4.2,Intel Core i5 Processor (10th Gen),8 GB DDR4 RAM,64 bit Windows 10 Operating System,1 TB HDD|256 GB SSD,35.56 cm (14 inch) Display,"HP Audio Switch, HP Support Assistant, HP Recovery Manager, HP Documentation, HP Sure Connect, HP JumpStart, HP Connection Optimizer, Microsoft Office Home and Student 2019",1 Year Onsite Warranty,,,,,
24,Acer Aspire 7 Core i7 9th Gen - (8 GB/512 GB SSD/Windows 10 Home/4 GB Graphics/NVIDIA Geforce GTX 1650...,"₹69,990","₹99,999",4.5,Intel Core i7 Processor (9th Gen),8 GB DDR4 RAM,64 bit Windows 10 Operating System,512 GB SSD,39.62 cm (15.6 inch) Display,"Acer Collection, Acer Care Center, Quick Access, Acer Product Registration",1 Year International Travelers Warranty (ITW),,,,,
25,Asus X512FA Core i3 10th Gen - (4 GB/512 GB SSD/Windows 10 Home) X512FA-EJ372T Laptop,"₹39,990","₹48,990",4.5,Intel Core i3 Processor (10th Gen),4 GB DDR4 RAM,64 bit Windows 10 Operating System,512 GB SSD,39.62 cm (15.6 inch) Display,1-year limited international hardware warranty,,,,,,
26,Asus ROG Strix G15 Core i7 10th Gen - (8 GB/1 TB SSD/Windows 10 Home/4 GB Graphics/NVIDIA Geforce GTX ...,"₹94,990","₹1,23,990",4.6,Intel Core i7 Processor (10th Gen),8 GB DDR4 RAM,64 bit Windows 10 Operating System,1 TB SSD,39.62 cm (15.6 inch) Display,1 Year Onsite Warranty,,,,,,
34,Dell Vostro Core i3 10th Gen - (8 GB/1 TB HDD/Windows 10 Home) Vostro 3491 Thin and Light Laptop,"₹38,606",N/A,4.3,Intel Core i3 Processor (10th Gen),8 GB DDR4 RAM,64 bit Windows 10 Operating System,1 TB HDD,35.56 cm (14 inch) Display,Microsoft Office Home and Student 2019,"1 Year Limited Hardware Warranty, In Home Service After Remote Diagnosis - Retail",,,,,
35,Acer Aspire 7 Core i5 9th Gen - (8 GB/512 GB SSD/Windows 10 Home/4 GB Graphics/NVIDIA Geforce GTX 1650...,"₹56,990","₹79,999",4.5,Intel Core i5 Processor (9th Gen),8 GB DDR4 RAM,64 bit Windows 10 Operating System,512 GB SSD,39.62 cm (15.6 inch) Display,"Acer Collection, Acer Product Registration , Quick Access, Acer Care Center",1 Year International Travelers Warranty (ITW),,,,,
36,HP 15s Core i5 10th Gen - (8 GB/512 GB SSD/Windows 10 Home) 15s-du2078TU Thin and Light Laptop,"₹52,990","₹53,751",4.5,Intel Core i5 Processor (10th Gen),8 GB DDR4 RAM,64 bit Windows 10 Operating System,512 GB SSD,39.62 cm (15.6 inch) Display,Microsoft Office Home and Student 2019,1 Year Onsite Warranty,,,,,
37,Asus VivoBook 14 Ryzen 5 Quad Core 2nd Gen - (8 GB/512 GB SSD/Windows 10 Home) X412DA-EK502T Thin and ...,"₹42,990","₹52,990",4.4,AMD Ryzen 5 Quad Core Processor (2nd Gen),8 GB DDR4 RAM,64 bit Windows 10 Operating System,512 GB SSD,35.56 cm (14 inch) Display,"Asus Giftbox, Asus Live Update",1 Year Limited International Hardware Warranty,,,,,
38,Dell Vostro Core i3 10th Gen - (4 GB/256 GB SSD/Windows 10 Home) Vostro 3491 Thin and Light Laptop,"₹35,990","₹37,474",4.3,Intel Core i3 Processor (10th Gen),4 GB DDR4 RAM,64 bit Windows 10 Operating System,256 GB SSD,35.56 cm (14 inch) Display,Microsoft Office Home and Student 2019,"1 Year Limited Hardware Warranty, In Home Service After Remote Diagnosis - Retail",,,,,
39,Dell Vostro Core i5 10th Gen - (8 GB/1 TB HDD/256 GB SSD/Windows 10 Home) Vostro 3491 Thin and Light L...,"₹53,859",N/A,4.4,Intel Core i5 Processor (10th Gen),8 GB DDR4 RAM,64 bit Windows 10 Operating System,1 TB HDD|256 GB SSD,35.56 cm (14 inch) Display,Microsoft Office Home and Student 2019,"1 Year Limited Hardware Warranty, In Home Service After Remote Diagnosis - Retail",,,,,
40,HP 14s Core i3 8th Gen - (4 GB/256 GB SSD/Windows 10 Home) 14s-cs0001TU Thin and Light Laptop,"₹34,490","₹39,764",4.4,Intel Core i3 Processor (8th Gen),4 GB DDR4 RAM,64 bit Windows 10 Operating System,256 GB SSD,35.56 cm (14 inch) Display,Microsoft Office Home and Student 2019,1 Year Onsite Warranty,,,,,
41,HP Pavilion Gaming Ryzen 5 Quad Core - (8 GB/512 GB SSD/Windows 10 Home/4 GB Graphics/NVIDIA Geforce G...,"₹59,990","₹61,934",4.4,AMD Ryzen 5 Quad Core Processor,8 GB DDR4 RAM,64 bit Windows 10 Operating System,512 GB SSD,39.62 cm (15.6 inch) Display,1 Year Onsite Warranty,,,,,,
42,HP Pavilion Gaming Ryzen 5 Quad Core - (8 GB/1 TB HDD/Windows 10 Home/4 GB Graphics/NVIDIA Geforce GTX...,"₹54,990","₹56,144",4.3,AMD Ryzen 5 Quad Core Processor,8 GB DDR4 RAM,64 bit Windows 10 Operating System,1 TB HDD,39.62 cm (15.6 inch) Display,1 Year Onsite Warranty,,,,,,
43,Lenovo Ideapad 3 Core i5 10th Gen - (4 GB/1 TB HDD/Windows 10 Home) 15IIL05 Laptop,"₹43,990","₹61,490",3.8,Intel Core i5 Processor (10th Gen),4 GB DDR4 RAM,64 bit Windows 10 Operating System,1 TB HDD,39.62 cm (15.6 inch) Display,Microsoft Office Home and Student 2019,1 Year Onsite Warranty,,,,,
44,Asus VivoBook Gaming Core i5 8th Gen - (8 GB/512 GB SSD/Windows 10 Home/4 GB Graphics/NVIDIA Geforce G...,"₹52,990","₹68,990",4.7,Intel Core i5 Processor (8th Gen),8 GB DDR4 RAM,64 bit Windows 10 Operating System,512 GB SSD,39.62 cm (15.6 inch) Display,"My Asus, Splendid, Tru2Life",1 Year Onsite Warranty,,,,,
45,Asus VivoBook 14 Ryzen 5 Quad Core 2nd Gen - (8 GB/512 GB SSD/Windows 10 Home) X412DA-EK501T Thin and ...,"₹42,990","₹44,551",4.4,AMD Ryzen 5 Quad Core Processor (2nd Gen),8 GB DDR4 RAM,64 bit Windows 10 Operating System,512 GB SSD,35.56 cm (14 inch) Display,"Asus Giftbox, Asus Live Update",1 Year Limited International Hardware Warranty,,,,,
46,Asus VivoBook 14 Core i3 10th Gen - (4 GB/256 GB SSD/Windows 10 Home) X412FA-EK361T Thin and Light Lap...,"₹38,990","₹44,990",4.4,Intel Core i3 Processor (10th Gen),4 GB DDR4 RAM,64 bit Windows 10 Operating System,256 GB SSD,35.56 cm (14 inch) Display,"Asus Splendid, Tru2Life",1 Year Onsite Warranty,,,,,
47,Asus VivoBook 14 Core i5 10th Gen - (8 GB/1 TB HDD/256 GB SSD/Windows 10 Home) X412FA-EK512T Thin and ...,"₹55,990","₹66,990",4.5,Intel Core i5 Processor (10th Gen),8 GB DDR4 RAM,64 bit Windows 10 Operating System,1 TB HDD|256 GB SSD,35.56 cm (14 inch) Display,"Asus Splendid, Tru2Life",1 Year Onsite Warranty,,,,,
48,Dell Vostro Core i3 10th Gen - (4 GB/1 TB HDD/Windows 10 Home) Vostro 3491 Thin and Light Laptop,"₹35,990","₹36,041",4,Intel Core i3 Processor (10th Gen),4 GB DDR4 RAM,64 bit Windows 10 Operating System,1 TB HDD,35.56 cm (14 inch) Display,Microsoft Office Home and Student 2019,"1 Year Limited Hardware Warranty, In Home Service After Remote Diagnosis - Retail",,,,,
49,Asus VivoBook 14 Core i5 10th Gen - (8 GB/1 TB HDD/256 GB SSD/Windows 10 Home/2 GB Graphics) X412FJ-EK...,"₹59,990","₹72,990",4.6,Intel Core i5 Processor (10th Gen),8 GB DDR4 RAM,64 bit Windows 10 Operating System,1 TB HDD|256 GB SSD,35.56 cm (14 inch) Display,"Asus Splendid, Tru2Life",1 Year Onsite Warranty,,,,,
50,HP 14s Core i5 10th Gen - (8 GB/512 GB SSD/Windows 10 Home) 14s-cs3010TU Laptop,"₹52,990","₹54,671",4.4,#N/A,Intel Core i5 Processor (10th Gen),8 GB DDR4 RAM,64 bit Windows 10 Operating System,512 GB SSD,35.56 cm (14 inch) Display,Microsoft Office Home and Student 2019,1 Year Onsite Warranty,,,,
51,Asus VivoBook 14 Core i5 10th Gen - (8 GB/1 TB HDD/256 GB SSD/Windows 10 Home/2 GB Graphics) X412FJ-EK...,"₹59,990","₹72,990",4.5,Intel Core i5 Processor (10th Gen),8 GB DDR4 RAM,64 bit Windows 10 Operating System,1 TB HDD|256 GB SSD,35.56 cm (14 inch) Display,"Asus Splendid, Tru2Life",1 Year Onsite Warranty,,,,,
52,HP 14s Core i3 10th Gen - (8 GB/256 GB SSD/Windows 10 Home) 14s-cf3074TU Thin and Light Laptop,"₹37,788",N/A,4,Intel Core i3 Processor (10th Gen),8 GB DDR4 RAM,64 bit Windows 10 Operating System,256 GB SSD,35.56 cm (14 inch) Display,"HP Documentation, HP CoolSense, HP SSRM, HP Smart, HP Support Assistant, Microsoft Office Home and Student 2019",1 Year Onsite Warranty,,,,,
53,Lenovo IdeaPad Gaming 3 Core i5 10th Gen - (8 GB/1 TB HDD/256 GB SSD/Windows 10 Home/4 GB Graphics/NVI...,"₹68,990","₹1,03,990",4.3,Intel Core i5 Processor (10th Gen),8 GB DDR4 RAM,64 bit Windows 10 Operating System,1 TB HDD|256 GB SSD,39.62 cm (15.6 inch) Display,1 Year Onsite Warranty,,,,,,
54,HP 14s Core i5 10th Gen - (8 GB/1 TB HDD/256 GB SSD/Windows 10 Home) 14S-ER0003TU Thin and Light Lapto...,"₹63,990","₹64,819",4.2,Intel Core i5 Processor (10th Gen),8 GB DDR4 RAM,64 bit Windows 10 Operating System,1 TB HDD|256 GB SSD,35.56 cm (14 inch) Display,"HP Audio Switch, HP Support Assistant, HP Recovery Manager, HP Documentation, HP Sure Connect, HP JumpStart, HP Connection Optimizer, Microsoft Office Home and Student 2019",1 Year Onsite Warranty,,,,,
55,Acer Aspire 7 Core i7 9th Gen - (8 GB/512 GB SSD/Windows 10 Home/4 GB Graphics/NVIDIA Geforce GTX 1650...,"₹69,990","₹99,999",4.5,Intel Core i7 Processor (9th Gen),8 GB DDR4 RAM,64 bit Windows 10 Operating System,512 GB SSD,39.62 cm (15.6 inch) Display,"Acer Collection, Acer Care Center, Quick Access, Acer Product Registration",1 Year International Travelers Warranty (ITW),,,,,
56,Asus X512FA Core i3 10th Gen - (4 GB/512 GB SSD/Windows 10 Home) X512FA-EJ372T Laptop,"₹39,990","₹48,990",4.5,Intel Core i3 Processor (10th Gen),4 GB DDR4 RAM,64 bit Windows 10 Operating System,512 GB SSD,39.62 cm (15.6 inch) Display,1-year limited international hardware warranty,,,,,,
57,Asus ROG Strix G15 Core i7 10th Gen - (8 GB/1 TB SSD/Windows 10 Home/4 GB Graphics/NVIDIA Geforce GTX ...,"₹94,990","₹1,23,990",4.6,Intel Core i7 Processor (10th Gen),8 GB DDR4 RAM,64 bit Windows 10 Operating System,1 TB SSD,39.62 cm (15.6 inch) Display,1 Year Onsite Warranty,,,,,,
65,HP Pavilion x360 Core i5 8th Gen - (8 GB/1 TB HDD/Windows 10 Home) 14-dh0150TU 2 in 1 Laptop,"₹61,990","₹63,879",3.8,Intel Core i5 Processor (8th Gen),8 GB DDR4 RAM,64 bit Windows 10 Operating System,1 TB HDD,35.56 cm (14 inch) Touchscreen Display,Microsoft Office Home and Student 2019,1 Year Onsite Warranty,,,,,
66,Asus VivoBook 14 APU Quad Core A12 - (4 GB/1 TB HDD/Windows 10 Home) X411QA-EK001T Thin and Light Lapt...,"₹26,990","₹34,990",4,AMD APU Quad Core A12 Processor,4 GB DDR4 RAM,64 bit Windows 10 Operating System,1 TB HDD,35.56 cm (14 inch) Display,"Asus Smart Gesture, Asus Splendid",1 Year Onsite Warranty,,,,,
67,LifeDigital Zed Core i3 5th Gen - (4 GB/1 TB HDD/128 GB SSD/Windows 10 Home) Zed Air CX3 Laptop,"₹24,990","₹27,927",N/A,Intel Core i3 Processor (5th Gen),4 GB DDR3 RAM,64 bit Windows 10 Operating System,1 TB HDD|128 GB SSD,39.62 cm (15.6 inch) Display,1 Year Manufacturer Warranty on the Device and 6 Months Manufacturer Warranty on Included Accessories from the Date of Purchase,,,,,,
68,Lenovo IdeaPad Gaming 3i Core i7 10th Gen - (8 GB/1 TB HDD/256 GB SSD/Windows 10 Home/4 GB Graphics/NV...,"₹82,990","₹1,26,290",4.2,Intel Core i7 Processor (10th Gen),8 GB DDR4 RAM,64 bit Windows 10 Operating System,1 TB HDD|256 GB SSD,39.62 cm (15.6 inch) Display,1 Year Onsite Warranty,,,,,,
69,Asus Ryzen 5 Hexa Core - (8 GB/512 GB SSD/Windows 10 Home) M433IA-EB594TS Thin and Light Laptop,"₹59,990","₹70,990",4.3,AMD Ryzen 5 Hexa Core Processor,8 GB DDR4 RAM,64 bit Windows 10 Operating System,512 GB SSD,35.56 cm (14 inch) Display,"My Asus, Splendid, Microsoft Office Home and Student 2019",1 Year Onsite Warranty,,,,,
70,Lenovo Ideapad 130 Core i3 7th Gen - (4 GB/1 TB HDD/Windows 10 Home) 130-15IKB Laptop,"₹32,990","₹33,630",4,Intel Core i3 Processor (7th Gen),4 GB DDR4 RAM,64 bit Windows 10 Operating System,1 TB HDD,39.62 cm (15.6 inch) Display,"Lenovo App Explorer, Lenovo Companion 3.0, Microsoft Office Home and Student 2019",1 Year Onsite Warranty,,,,,
71,Dell Inspiron Pentium Gold - (4 GB/256 GB SSD/Windows 10 Home) Inspiron 3480 Thin and Light Laptop,"₹29,643",N/A,4.3,Intel Pentium Gold Processor,4 GB DDR4 RAM,64 bit Windows 10 Operating System,256 GB SSD,35.56 cm (14 inch) Display,Microsoft Office Home and Student 2019,"1 Year Limited Hardware Warranty, In Home Service After Remote Diagnosis - Retail",,,,,
72,Asus VivoBook 14 Core i5 10th Gen - (8 GB/1 TB HDD/256 GB SSD/Windows 10 Home) X412FA-EK511T Thin and ...,"₹55,990","₹66,990",4.4,Intel Core i5 Processor (10th Gen),8 GB DDR4 RAM,64 bit Windows 10 Operating System,1 TB HDD|256 GB SSD,35.56 cm (14 inch) Display,"Asus Splendid, Tru2Life",1 Year Onsite Warranty,,,,,
73,Asus VivoBook 14 Core i5 10th Gen - (8 GB/1 TB HDD/256 GB SSD/Windows 10 Home/2 GB Graphics) X412FJ-EK...,"₹59,990","₹72,990",4.2,Intel Core i5 Processor (10th Gen),8 GB DDR4 RAM,64 bit Windows 10 Operating System,1 TB HDD|256 GB SSD,35.56 cm (14 inch) Display,"Asus Splendid, Tru2Life",1 Year Onsite Warranty,,,,,
74,Asus VivoBook Flip 14 Core i3 10th Gen - (4 GB/512 GB SSD/Windows 10 Home) TP412FA-EC372TS 2 in 1 Lapt...,"₹48,990","₹52,520",N/A,Intel Core i3 Processor (10th Gen),4 GB DDR4 RAM,64 bit Windows 10 Operating System,512 GB SSD,35.56 cm (14 inch) Touchscreen Display,"My Asus, Splendid, Pre-Installed MS Office Home and Student 2019",1 Year Onsite Warranty,,,,,
75,Acer Swift 3 Core i5 8th Gen - (8 GB/512 GB SSD/Windows 10 Home/2 GB Graphics) SF314-55G Thin and Ligh...,"₹54,990","₹62,589",4.5,Intel Core i5 Processor (8th Gen),8 GB DDR4 RAM,64 bit Windows 10 Operating System,512 GB SSD,35.56 cm (14 inch) Display,"Acer Care Center, Acer Quick Access, Acer Configuration Manager",1 Year International Travelers Warranty (ITW),,,,,
76,Acer Aspire 7 Ryzen 7 Quad Core - (8 GB/512 GB SSD/Windows 10 Home/4 GB Graphics/NVIDIA Geforce GTX 16...,"₹61,990","₹84,599",4.2,AMD Ryzen 7 Quad Core Processor,8 GB DDR4 RAM,64 bit Windows 10 Operating System,512 GB SSD,39.62 cm (15.6 inch) Display,"Acer Collection, Acer Product Registration , Quick Access, Acer Care Center",1 Year International Travelers Warranty (ITW),,,,,
77,Asus Core i3 10th Gen - (4 GB/1 TB HDD/256 GB SSD/Windows 10 Home) X509JA-EJ654T Laptop,"₹39,990","₹40,880",4.6,Intel Core i3 Processor (10th Gen),4 GB DDR4 RAM,64 bit Windows 10 Operating System,1 TB HDD|256 GB SSD,39.62 cm (15.6 inch) Display,"My Asus, Splendid",1 Year Onsite Warranty,,,,,
78,Asus ZenBook Core i5 8th Gen - (8 GB/256 GB SSD/Windows 10 Home) UX430UA-GV573T Thin and Light Laptop,"₹47,990","₹86,990",4.1,Intel Core i5 Processor (8th Gen),8 GB DDR3 RAM,64 bit Windows 10 Operating System,256 GB SSD,35.56 cm (14 inch) Display,"Asus Splendid, Asus Smart Gesture, ICEsound",1 Year Limited International Hardware Warranty,,,,,
79,HP Omen Ryzen 5 Hexa Core - (8 GB/512 GB SSD/Windows 10 Home/4 GB Graphics/NVIDIA Geforce GTX 1650 Ti)...,"₹75,990","₹87,716",4.8,AMD Ryzen 5 Hexa Core Processor,8 GB DDR4 RAM,64 bit Windows 10 Operating System,512 GB SSD,39.62 cm (15.6 inch) Display,1 Year Onsite Warranty,,,,,,
80,Lenovo IdeaPad Gaming 3i Core i7 10th Gen - (8 GB/1 TB HDD/256 GB SSD/Windows 10 Home/4 GB Graphics/NV...,"₹78,990","₹1,17,390",4.4,Intel Core i7 Processor (10th Gen),8 GB DDR4 RAM,64 bit Windows 10 Operating System,1 TB HDD|256 GB SSD,39.62 cm (15.6 inch) Display,1 Year Onsite Warranty,,,,,,
81,Dell G3 Core i7 9th Gen - (8 GB/1 TB HDD/512 GB SSD/Windows 10 Home/4 GB Graphics/NVIDIA Geforce GTX 1...,"₹84,990","₹89,210",4.4,Intel Core i7 Processor (9th Gen),8 GB DDR4 RAM,64 bit Windows 10 Operating System,1 TB HDD|512 GB SSD,39.62 cm (15.6 inch) Display,Microsoft Office Home and Student 2019,"1 Year Limited Hardware Warranty, In Home Service After Remote Diagnosis - Retail",,,,,
82,Acer Aspire 5 Core i5 10th Gen - (8 GB/512 GB SSD/Windows 10 Home) A514-53-59U1 Thin and Light Laptop,"₹49,990","₹59,999",N/A,Intel Core i5 Processor (10th Gen),8 GB DDR4 RAM,64 bit Windows 10 Operating System,512 GB SSD,35.56 cm (14 inch) Display,"Acer Care Center, Acer Configuration Manager, Quick Access, Acer Product Registration",1 Year International Travelers Warranty (ITW),,,,,
83,Lenovo Ideapad 3 Core i5 10th Gen - (8 GB/1 TB HDD/Windows 10 Home/2 GB Graphics) 15IML05 Laptop,"₹48,990","₹64,290",4.1,Intel Core i5 Processor (10th Gen),8 GB DDR4 RAM,64 bit Windows 10 Operating System,1 TB HDD,39.62 cm (15.6 inch) Display,Microsoft Office Home and Student 2019,1 Year Onsite Warranty,,,,,
84,Acer Swift 3 Core i5 10th Gen - (8 GB/512 GB SSD/Windows 10 Home/2 GB Graphics) SF314-57/SF314-57G Thi...,"₹65,490","₹65,738",4.7,Intel Core i5 Processor (10th Gen),8 GB DDR4 RAM,64 bit Windows 10 Operating System,512 GB SSD,35.56 cm (14 inch) Display,"Acer Collection, Quick Access, Cyberlink PhotoDirector 8, Cyberlink PowerDirector 14, Acer Care Center, Acer Product Registration",1 Year International Travelers Warranty (ITW),,,,,
85,Lenovo Ideapad L340 Core i7 9th Gen - (8 GB/1 TB HDD/256 GB SSD/Windows 10 Home/4 GB Graphics/NVIDIA G...,"₹73,990","₹1,11,890",4.3,Intel Core i7 Processor (9th Gen),8 GB DDR4 RAM,64 bit Windows 10 Operating System,1 TB HDD|256 GB SSD,39.62 cm (15.6 inch) Display,1 Year Onsite Warranty,,,,,,
86,HP 15s Core i3 10th Gen - (4 GB/1 TB HDD/Windows 10 Home) 15s-du2009tu Thin and Light Laptop,"₹40,990","₹42,787",4,Intel Core i3 Processor (10th Gen),4 GB DDR4 RAM,64 bit Windows 10 Operating System,1 TB HDD,39.62 cm (15.6 inch) Display,Microsoft Office Home and Student 2019,1 Year Onsite Warranty,,,,,
87,Asus ROG Strix G15 Core i5 10th Gen - (8 GB/512 GB SSD/Windows 10 Home/4 GB Graphics/NVIDIA Geforce GT...,"₹79,990","₹1,01,990",4.9,Intel Core i5 Processor (10th Gen),8 GB DDR4 RAM,64 bit Windows 10 Operating System,512 GB SSD,39.62 cm (15.6 inch) Display,1 Year Onsite Warranty,,,,,,
88,Acer Aspire 3 APU Dual Core A4 - (4 GB/1 TB HDD/Windows 10 Home) A315-22 Laptop,"₹29,625",N/A,N/A,AMD APU Dual Core A4 Processor,4 GB DDR4 RAM,64 bit Windows 10 Operating System,1 TB HDD,39.62 cm (15.6 inch) Display,"Acer Care Center, Acer Configuration Manager, Quick Access, Acer Product Registration",1 Year International Travelers Warranty (ITW),,,,,
96,Lenovo IdeaPad Gaming 3i Core i5 10th Gen - (8 GB/1 TB HDD/256 GB SSD/Windows 10 Home/4 GB Graphics/NV...,"₹72,990","₹1,12,890",4.5,Intel Core i5 Processor (10th Gen),8 GB DDR4 RAM,64 bit Windows 10 Operating System,1 TB HDD|256 GB SSD,39.62 cm (15.6 inch) Display,1 Year Onsite Warranty,,,,,,
97,Asus ROG Strix G15 Core i5 10th Gen - (8 GB/1 TB SSD/Windows 10 Home/4 GB Graphics/NVIDIA Geforce GTX ...,"₹84,990","₹1,07,990",4.9,Intel Core i5 Processor (10th Gen),8 GB DDR4 RAM,64 bit Windows 10 Operating System,1 TB SSD,39.62 cm (15.6 inch) Display,1 Year Onsite Warranty,,,,,,
98,Asus VivoBook S Series Core i5 8th Gen - (8 GB/1 TB HDD/256 GB SSD/Windows 10 Home) S430FA-EB039T Thin...,"₹53,990","₹68,990",4.5,Intel Core i5 Processor (8th Gen),8 GB DDR4 RAM,64 bit Windows 10 Operating System,1 TB HDD|256 GB SSD,35.56 cm (14 inch) Display,"Asus GiftBox, Asus Splendid",1 Year Limited International Hardware Warranty,,,,,
99,Avita Liber Core i5 8th Gen - (8 GB/256 GB SSD/Windows 10 Home) NS13A2IN211P Thin and Light Laptop,"₹39,990","₹69,844",4.2,Intel Core i5 Processor (8th Gen),8 GB DDR3 RAM,64 bit Windows 10 Operating System,256 GB SSD,33.78 cm (13.3 inch) Display,18 Months Warranty + 6 Months Extended Warranty (6 Months Extended Warranty Upon Online Product Registration on www.avita-india.com),,,,,,
100,HP 15s Core i5 10th Gen - (4 GB/1 TB HDD/256 GB SSD/Windows 10 Home) 15s-du2077TU Laptop,"₹52,490","₹54,679",4.2,Intel Core i5 Processor (10th Gen),4 GB DDR4 RAM,64 bit Windows 10 Operating System,1 TB HDD|256 GB SSD,39.62 cm (15.6 inch) Display,Microsoft Office Home and Student 2019,1 Year Onsite Warranty,,,,,
101,Microsoft Surface Pro 7 Core i5 10th Gen - (8 GB/256 GB SSD/Windows 10 Home) M1866 2 in 1 Laptop,"₹1,20,990","₹1,24,999",N/A,Intel Core i5 Processor (10th Gen),8 GB LPDDR4X RAM,64 bit Windows 10 Operating System,256 GB SSD,31.24 cm (12.3 inch) Touchscreen Display,1 Year Onsite Warranty,,,,,,
102,HP Pavilion x360 Core i5 10th Gen - (8 GB/1 TB HDD/256 GB SSD/Windows 10 Home/2 GB Graphics) 14-dh1025...,"₹81,990","₹83,482",4.5,Intel Core i5 Processor (10th Gen),8 GB DDR4 RAM,64 bit Windows 10 Operating System,1 TB HDD|256 GB SSD,35.56 cm (14 inch) Touchscreen Display,"HP JumpStart, HP Support Assistant, HP Connection Optimizer, HP Command Center, Microsoft Office Home and Student 2019",1 Year Onsite Warranty,,,,,
103,Microsoft Surface Laptop 3 Core i5 10th Gen - (8 GB/128 GB SSD/Windows 10 Home) 1867 Laptop,"₹1,01,990","₹1,04,999",4.8,Intel Core i5 Processor (10th Gen),8 GB LPDDR4X RAM,64 bit Windows 10 Operating System,128 GB SSD,34.29 cm (13.5 inch) Touchscreen Display,1 Year Limited Hardware Warranty,,,,,,
104,Asus Core i5 10th Gen - (8 GB/512 GB SSD/Windows 10 Home/2 GB Graphics) X509JB-EJ592T Laptop,"₹52,990","₹54,460",4,Intel Core i5 Processor (10th Gen),8 GB DDR4 RAM,64 bit Windows 10 Operating System,512 GB SSD,39.62 cm (15.6 inch) Display,"My Asus, Splendid",1 Year Onsite Warranty,,,,,
105,HP Spectre x360 Core i5 10th Gen - (8 GB/512 GB SSD/Windows 10 Home) 13-aw0204TU 2 in 1 Laptop,"₹1,02,990","₹1,16,944",4.4,Intel Core i5 Processor (10th Gen),8 GB DDR4 RAM,64 bit Windows 10 Operating System,512 GB SSD,33.78 cm (13.3 inch) Touchscreen Display,"HP Audio Switch, HP ePrint, HP Support Assistant, HP JumpStart, HP Connection Optimizer, HP PC Hardware Diagnostics, HP Command Centre, Microsoft Office Home and Student 2019",1 Year Onsite Warranty,,,,,
106,HP Pavilion Gaming Core i5 9th Gen - (8 GB/1 TB HDD/Windows 10 Home/4 GB Graphics/NVIDIA Geforce GTX 1...,"₹65,990","₹76,021",N/A,Intel Core i5 Processor (9th Gen),8 GB DDR4 RAM,64 bit Windows 10 Operating System,1 TB HDD,39.62 cm (15.6 inch) Display,"HP Support Assistant, HP Audio Boost, HP Audio Switch, HP Documentation, HP e-service, HP BIOS Recovery, HP SSRM, HP Jumpstarts, Microsoft Office Home and Student 2019",1 Year Onsite Warranty,,,,,
107,Asus VivoBook 15 Core i5 8th Gen - (8 GB/1 TB HDD/Windows 10 Home/2 GB Graphics) X543UB-DM581T Laptop,"₹44,760","₹45,730",4.3,Intel Core i5 Processor (8th Gen),8 GB DDR4 RAM,64 bit Windows 10 Operating System,1 TB HDD,39.62 cm (15.6 inch) Display,"Asus GiftBox, Asus Smart Gesture, Asus Splendid, Asus WebStorage Sync Agent, Dropbox (Upto 25 GB), Evernote, ICEsound, USB Charger+, WPS Office",1 Year Limited International Hardware Warranty,,,,,
108,HP Omen Ryzen 5 Hexa Core - (8 GB/512 GB SSD/Windows 10 Home/6 GB Graphics/NVIDIA Geforce GTX 1660 Ti)...,"₹85,990","₹99,412",4.8,AMD Ryzen 5 Hexa Core Processor,8 GB DDR4 RAM,64 bit Windows 10 Operating System,512 GB SSD,39.62 cm (15.6 inch) Display,1 Year Onsite Warranty,,,,,,
109,Asus VivoBook 14 Core i5 8th Gen - (8 GB/512 GB SSD/Windows 10 Home/2 GB Graphics) X412FJ-EK178T Thin ...,"₹55,990","₹64,990",4.3,Intel Core i5 Processor (8th Gen),8 GB DDR4 RAM,64 bit Windows 10 Operating System,512 GB SSD,35.56 cm (14 inch) Display,Asus Splendid,1 Year Limited International Hardware Warranty,,,,,
110,HP Pavilion Gaming Core i5 9th Gen - (8 GB/1 TB HDD/256 GB SSD/Windows 10 Home/4 GB Graphics/NVIDIA Ge...,"₹73,990","₹85,377",N/A,Intel Core i5 Processor (9th Gen),8 GB DDR4 RAM,64 bit Windows 10 Operating System,1 TB HDD|256 GB SSD,39.62 cm (15.6 inch) Display,"HP Documentation, HP e-service, HP BIOS Recovery, HP SSRM, HP Smart, HP Jumpstarts, HP Audio Switch, HP Audio Boost, HP Support Assistant, Microsoft Office Home and Student 2019",1 Year Onsite Warranty,,,,,
111,Acer Swift 3 Athlon Dual Core - (4 GB/1 TB HDD/Windows 10 Home) SF314-41 Thin and Light Laptop,"₹34,290","₹39,999",3.7,AMD Athlon Dual Core Processor,4 GB DDR4 RAM,64 bit Windows 10 Operating System,1 TB HDD,35.56 cm (14 inch) Display,"Acer Care Center, Acer Product Registration, Acer Collection, Quick Access, Acer Configuration Manager",1 Year International Travelers Warranty (ITW),,,,,
112,Lenovo Ideapad Flex 5 Core i3 10th Gen - (8 GB/512 GB SSD/Windows 10 Home) 14IIL05 2 in 1 Laptop,"₹49,021",N/A,N/A,Intel Core i3 Processor (10th Gen),8 GB DDR4 RAM,64 bit Windows 10 Operating System,512 GB SSD,35.56 cm (14 inch) Touchscreen Display,Microsoft Office Home and Student 2019,1 Year Onsite Warranty,,,,,
113,Dell Inspiron Ryzen 5 Quad Core - (8 GB/512 GB SSD/Windows 10 Home) Inspiron 15 3585 Laptop,"₹44,855",N/A,4.2,AMD Ryzen 5 Quad Core Processor,8 GB DDR4 RAM,64 bit Windows 10 Operating System,512 GB SSD,38.1 cm (15 inch) Display,Microsoft Office Home and Student 2019,"1 Year Limited Hardware Warranty, In Home Service After Remote Diagnosis - Retail",,,,,
114,HP 15s Core i5 10th Gen - (8 GB/1 TB HDD/Windows 10 Home/2 GB Graphics) 15s-DU2036TX Thin and Light La...,"₹60,739",N/A,4.6,Intel Core i5 Processor (10th Gen),8 GB DDR4 RAM,64 bit Windows 10 Operating System,1 TB HDD,39.62 cm (15.6 inch) Display,"HP Audio Switch, HP ePrint, HP Support Assistant, HP Recovery Manager, HP Documentation, HP Sure Connect, HP JumpStart, Microsoft Office Home and Student 2019",1 Year Onsite Warranty,,,,,
115,Acer Swift 3 Core i5 8th Gen - (8 GB/512 GB SSD/Windows 10 Home) SF313-51 Thin and Light Laptop,"₹54,990","₹70,176",4.2,Intel Core i5 Processor (8th Gen),8 GB DDR4 RAM,64 bit Windows 10 Operating System,512 GB SSD,33.78 cm (13.3 inch) Display,"Acer Care Center, Acer Quick Access",1 Year International Travelers Warranty (ITW),,,,,
116,HP 15s Ryzen 7 Quad Core - (8 GB/512 GB SSD/Windows 10 Home) 15s-eq0132AU Thin and Light Laptop,"₹64,990","₹69,102",4.5,AMD Ryzen 7 Quad Core Processor,8 GB DDR4 RAM,64 bit Windows 10 Operating System,512 GB SSD,39.62 cm (15.6 inch) Display,Microsoft Office Home and Student 2019,1 Year Onsite Warranty,,,,,
117,Apple MacBook Pro Core i7 9th Gen - (16 GB/512 GB SSD/Mac OS Catalina/4 GB Graphics) MVVJ2HN/A,"₹1,99,900",N/A,4.8,Intel Core i7 Processor (9th Gen),16 GB DDR4 RAM,Mac OS Operating System,512 GB SSD,40.64 cm (16 inch) Display,"Built-in Apps: iMovie, Photos, GarageBand, Pages, Numbers, Keynote, Siri, Safari, Mail, FaceTime, Messages, Maps, News, Stocks, Home, Voice Memos, Notes, Calendar, Contacts, Reminders, Photo Booth, Preview, Music, Podcasts, TV, Books, App Store, Time Machine, Find My, QuickTime Player",1 Year Onsite Warranty,,,,,
118,HP 14s Core i3 10th Gen - (4 GB/1 TB HDD/Windows 10 Home) 14S-ER0002TU Thin and Light Laptop,"₹43,990","₹45,958",3.6,Intel Core i3 Processor (10th Gen),4 GB DDR4 RAM,64 bit Windows 10 Operating System,1 TB HDD,35.56 cm (14 inch) Display,"HP Audio Switch, HP Support Assistant, HP Recovery Manager, HP Documentation, HP Sure Connect, HP JumpStart, HP Connection Optimizer, Microsoft Office Home and Student 2019",1 Year Onsite Warranty,,,,,
119,HP Chromebook 14a Celeron Dual Core - (4 GB/64 GB EMMC Storage/Chrome OS) 14a-na0003tu Thin and Light ...,"₹29,990","₹30,710",N/A,Intel Celeron Dual Core Processor,4 GB DDR4 RAM,64 bit Chrome Operating System,35.56 cm (14 inch) Display,"Pre-installed G-suite Apps, Built-in Google Assistant, HP Audio Switch, HP ePrint, HP Support Assistant",1 Year Onsite Warranty,,,,,,
126,Asus VivoBook Gaming Core i7 9th Gen - (16 GB + 32 GB Optane/512 GB SSD/Windows 10 Home/4 GB Graphics/...,"₹75,990","₹94,990",4.3,120 Hz Refresh Rate- It can display upto 120 frames per second.,Intel Core i7 Processor (9th Gen),16 GB DDR4 RAM,64 bit Windows 10 Operating System,512 GB SSD,39.62 cm (15.6 inch) Display,"Asus GiftBox, ICEsound, Asus Splendid",1 Year Limited International Hardware Warranty,,,,
127,Acer Swift 5 Core i5 10th Gen - (8 GB/512 GB SSD/Windows 10 Home) SF514-54T Thin and Light Laptop,"₹69,990","₹89,999",4.7,Intel Core i5 Processor (10th Gen),8 GB DDR4 RAM,64 bit Windows 10 Operating System,512 GB SSD,35.56 cm (14 inch) Display,"Acer Collection, Quick Access, Acer Care Center, Acer Product Registration",1 Year International Travelers Warranty (ITW),,,,,
128,Asus VivoBook 14 Core i3 7th Gen - (4 GB/256 GB SSD/Windows 10 Home) X412UA-EK342T Thin and Light Lapt...,"₹33,990","₹36,271",4.3,Intel Core i3 Processor (7th Gen),4 GB DDR4 RAM,64 bit Windows 10 Operating System,256 GB SSD,35.56 cm (14 inch) Display,Asus Splendid,1 Year Limited International Hardware Warranty,,,,,
129,Asus Ryzen 5 Quad Core - (4 GB/1 TB HDD/Windows 10 Home) M509DA-EJ542T Laptop,"₹42,990","₹44,990",4.1,AMD Ryzen 5 Quad Core Processor,4 GB DDR4 RAM,64 bit Windows 10 Operating System,1 TB HDD,39.62 cm (15.6 inch) Display,Asus Splendid,1 Year Onsite Warranty,,,,,
130,Dell Inspiron 3000 Core i5 10th Gen - (8 GB/1 TB HDD/256 GB SSD/Windows 10 Home/2 GB Graphics) 3593 La...,"₹67,990","₹68,454",4.6,Intel Core i5 Processor (10th Gen),8 GB DDR4 RAM,64 bit Windows 10 Operating System,1 TB HDD|256 GB SSD,39.62 cm (15.6 inch) Display,Microsoft Office Home and Student 2019,1 Year Onsite Warranty,,,,,
131,Lenovo Ideapad 330 Core i5 8th Gen - (8 GB/1 TB HDD/Windows 10 Home/2 GB Graphics) 330-15IKB Laptop,"₹46,990","₹62,290",4.2,NVIDIA Geforce MX150 for Supreme Graphics Performance,Intel Core i5 Processor (8th Gen),8 GB DDR4 RAM,64 bit Windows 10 Operating System,1 TB HDD,39.62 cm (15.6 inch) Display,"Lenovo App Explorer, Lenovo Companion 3.0",1 Year Onsite Warranty,,,,
132,Asus ZenBook 13 Core i7 8th Gen - (8 GB/512 GB SSD/Windows 10 Home) UX333FA-A4115T Thin and Light Lapt...,"₹82,990","₹1,00,990",4.4,Intel Core i7 Processor (8th Gen),8 GB DDR3 RAM,64 bit Windows 10 Operating System,512 GB SSD,33.78 cm (13.3 inch) Display,Asus Splendid,1 Year Onsite Warranty,,,,,
133,HP 14s Core i7 10th Gen - (8 GB/512 GB SSD/Windows 10 Home) 14s-dr1006TU Thin and Light Laptop,"₹72,990","₹73,100",4.4,Intel Core i7 Processor (10th Gen),8 GB DDR4 RAM,64 bit Windows 10 Operating System,512 GB SSD,35.56 cm (14 inch) Display,Microsoft Office Home and Student 2019,1 Year Onsite Warranty,,,,,
134,Microsoft Surface Pro 7 Core i5 10th Gen - (8 GB/128 GB SSD/Windows 10 Home) 1866 2 in 1 Laptop,"₹90,990","₹93,999",4.7,Intel Core i5 Processor (10th Gen),8 GB LPDDR4X RAM,64 bit Windows 10 Operating System,128 GB SSD,31.24 cm (12.3 inch) Touchscreen Display,1 Year Onsite Warranty,,,,,,
135,Apple MacBook Pro Core i9 9th Gen - (16 GB/1 TB SSD/Mac OS Catalina/4 GB Graphics) MVVK2HN/A,"₹2,24,900","₹2,39,900",4.9,Intel Core i9 Processor (9th Gen),16 GB DDR4 RAM,Mac OS Operating System,1 TB SSD,40.64 cm (16 inch) Display,"Built-in Apps: iMovie, Photos, GarageBand, Pages, Numbers, Keynote, Siri, Safari, Mail, FaceTime, Messages, Maps, News, Stocks, Home, Voice Memos, Notes, Calendar, Contacts, Reminders, Photo Booth, Preview, Music, Podcasts, TV, Books, App Store, Time Machine, Find My, QuickTime Player",1 Year Onsite Warranty,,,,,
136,Asus Core i5 8th Gen - (8 GB/512 GB SSD/Windows 10 Home/2 GB Graphics) X509FJ-EJ502T Laptop,"₹52,990","₹59,990",4.3,Intel Core i5 Processor (8th Gen),8 GB DDR4 RAM,64 bit Windows 10 Operating System,512 GB SSD,39.62 cm (15.6 inch) Display,Asus Splendid,1 Year Onsite Warranty,,,,,
137,Acer Swift 3 Core i3 8th Gen - (4 GB/256 GB SSD/Windows 10 Home) SF313-51-30EP Thin and Light Laptop,"₹45,990","₹59,999",4.4,Intel Core i3 Processor (8th Gen),4 GB DDR4 RAM,64 bit Windows 10 Operating System,256 GB SSD,33.78 cm (13.3 inch) Display,"Acer Care Center, Acer Quick Access",1 Year International Travelers Warranty (ITW),,,,,
138,Apple MacBook Pro with Touch Bar Core i5 10th Gen - (16 GB/512 GB SSD/Mac OS Catalina) MWP42HN/A,"₹1,74,900",N/A,4.9,Intel Core i5 Processor (10th Gen),16 GB LPDDR4X RAM,Mac OS Operating System,512 GB SSD,33.02 cm (13 inch) Display,"Built-in Apps: Photos, iMovie, GarageBand, Pages, Numbers, Keynote, Siri, Safari, Mail, FaceTime, Messages, Maps, News, Stocks, Home, Voice Memos, Notes, Calendar, Contacts, Reminders, Photo Booth, Preview, Music, Podcasts, TV, Books, App Store, Time Machine, Find My, QuickTime Player",1 Year Limited Hardware Warranty,,,,,
139,Lenovo Ideapad Flex 5 Core i5 10th Gen - (8 GB/512 GB SSD/Windows 10 Home) 14IIL05 2 in 1 Laptop,"₹65,990","₹97,890",N/A,Intel Core i5 Processor (10th Gen),8 GB DDR4 RAM,64 bit Windows 10 Operating System,512 GB SSD,35.56 cm (14 inch) Touchscreen Display,Microsoft Office Home and Student 2019,1 Year Onsite Warranty,,,,,
140,MSI GF63 Thin Core i5 9th Gen - (8 GB/512 GB SSD/Windows 10 Home/4 GB Graphics/NVIDIA Geforce GTX 1650...,"₹60,990","₹94,990",4.5,Intel Core i5 Processor (9th Gen),8 GB DDR4 RAM,64 bit Windows 10 Operating System,512 GB SSD,39.62 cm (15.6 inch) Display,"Cooler Boost, Audio Boost, Dragon Center, Nahimic 3",2 Years Carry In Warranty,,,,,
141,HP 15 Core i3 8th Gen - (4 GB/1 TB HDD/Windows 10 Home/2 GB Graphics) 15-Di0000TX Laptop,"₹37,990","₹40,556",3.9,Intel Core i3 Processor (8th Gen),4 GB DDR4 RAM,64 bit Windows 10 Operating System,1 TB HDD,39.62 cm (15.6 inch) Display,"Microsoft Office Home and Student 2019, HP Audio Switch, HP ePrint, HP Support Assistant, HP Recovery Manager, HP Documentation, HP Sure Connect, HP JumpStart, Dropbox",1 Year Onsite Warranty,,,,,
142,Avita Liber Core i5 7th Gen - (8 GB/256 GB SSD/Windows 10 Home) NS14A1IN010P Thin and Light Laptop,"₹34,990","₹75,990",4.3,Intel Core i5 Processor (7th Gen),8 GB DDR3 RAM,64 bit Windows 10 Operating System,256 GB SSD,35.56 cm (14 inch) Display,18 Months Warranty + 6 Months Extended Warranty,,,,,,
143,Asus ROG Strix G Core i5 9th Gen - (16 GB/1 TB SSD/Windows 10 Home/6 GB Graphics/NVIDIA Geforce GTX 16...,"₹1,09,990","₹1,36,990",4,Intel Core i5 Processor (9th Gen),16 GB DDR4 RAM,64 bit Windows 10 Operating System,1 TB SSD,39.62 cm (15.6 inch) Display,1 Year Onsite Warranty,,,,,,
144,Asus ZenBook 13 Core i5 8th Gen - (8 GB/512 GB SSD/Windows 10 Home) UX333FA-A4118T Thin and Light Lapt...,"₹72,990","₹91,990",4.1,Intel Core i5 Processor (8th Gen),8 GB DDR3 RAM,64 bit Windows 10 Operating System,512 GB SSD,33.78 cm (13.3 inch) Display,Asus Splendid,1 Year Onsite Warranty,,,,,
145,Microsoft Surface Laptop 3 Ryzen 5 Quad Core - (8 GB/128 GB SSD/Windows 10 Home) 1873 Laptop,"₹1,20,990","₹1,24,999",N/A,AMD Ryzen 5 Quad Core Processor,8 GB DDR4 RAM,64 bit Windows 10 Operating System,128 GB SSD,38.1 cm (15 inch) Touchscreen Display,1 Year Limited Hardware Warranty,,,,,,
146,Lenovo Core i3 8th Gen - (4 GB/1 TB HDD/Windows 10 Home) V130-14IKBU Laptop,"₹33,900","₹34,500",N/A,Intel Core i3 Processor (8th Gen),4 GB DDR4 RAM,DOS Operating System,1 TB HDD,35.56 cm (14 inch) Display,1 Year Onsite Warranty,,,,,,
147,Lenovo Thinkpad E14 Core i5 10th Gen - (8 GB/1 TB HDD/128 GB SSD/Windows 10 Home) E14 Thin and Light L...,"₹59,990","₹67,305",4.2,Intel Core i5 Processor (10th Gen),8 GB DDR4 RAM,64 bit Windows 10 Operating System,1 TB HDD|128 GB SSD,35.56 cm (14 inch) Display,Microsoft Office Home and Student 2019,1 Year Onsite Warranty,,,,,
148,Apple MacBook Air Core i5 10th Gen - (8 GB/512 GB SSD/Mac OS Catalina) MVH22HN/A,"₹1,22,990",N/A,4.6,Intel Core i5 Processor (10th Gen),8 GB LPDDR4X RAM,Mac OS Operating System,512 GB SSD,33.78 cm (13.3 inch) Display,"Built-in Apps: Photos, iMovie, GarageBand, Pages, Numbers, Keynote, Siri, Safari, Mail, FaceTime, Messages, Maps, News, Stocks, Home, Voice Memos, Notes, Calendar, Contacts, Reminders, Photo Booth, Preview, Books, App Store, Time Machine, TV, Music, Podcasts, Find My, QuickTime Player",1 Year Limited Warranty,,,,,
149,Asus VivoBook 14 Core i5 8th Gen - (8 GB/512 GB SSD/Windows 10 Home) X412FA-EK295T Thin and Light Lapt...,"₹54,990","₹55,590",4.4,Intel Core i5 Processor (8th Gen),8 GB DDR4 RAM,64 bit Windows 10 Operating System,512 GB SSD,35.56 cm (14 inch) Display,Asus Splendid,1 Year Limited International Hardware Warranty,,,,,
156,Lenovo Ideapad C340 Core i5 10th Gen - (8 GB/512 GB SSD/Windows 10 Home/2 GB Graphics) C340-14IML 2 in...,"₹76,990","₹77,392",N/A,Intel Core i5 Processor (10th Gen),8 GB DDR4 RAM,64 bit Windows 10 Operating System,512 GB SSD,35.56 cm (14 inch) Touchscreen Display,Microsoft Office Home and Student 2019,1 Year Onsite Warranty,,,,,
157,Acer Aspire 5 Core i3 8th Gen - (4 GB/1 TB HDD/Windows 10 Home) A515-52 Thin and Light Laptop,"₹33,990","₹39,598",3.8,Intel Core i3 Processor (8th Gen),4 GB DDR4 RAM,64 bit Windows 10 Operating System,1 TB HDD,39.62 cm (15.6 inch) Display,"Acer Care Center, Acer Configuration Manager, Acer Quick Access",1 Year International Travelers Warranty (ITW),,,,,
158,Lenovo Ideapad S340 Core i3 10th Gen - (8 GB/256 GB SSD/Windows 10 Home) S340-14IIL Thin and Light Lap...,"₹41,990","₹58,690",4.5,Intel Core i3 Processor (10th Gen),8 GB DDR4 RAM,64 bit Windows 10 Operating System,256 GB SSD,35.56 cm (14 inch) Display,Microsoft Office Home and Student 2019,1 Year Onsite Warranty,,,,,
159,Asus TUF Gaming A17 Ryzen 5 Hexa Core - (8 GB/1 TB HDD/256 GB SSD/Windows 10 Home/4 GB Graphics/NVIDIA...,"₹78,860","₹90,990",4.7,AMD Ryzen 5 Hexa Core Processor,8 GB DDR4 RAM,64 bit Windows 10 Operating System,1 TB HDD|256 GB SSD,43.94 cm (17.3 inch) Display,1 Year Onsite Warranty,,,,,,
160,Asus VivoBook 14 Core i5 8th Gen - (8 GB/512 GB SSD/Windows 10 Home) X412FA-EK230T Thin and Light Lapt...,"₹54,990","₹55,591",4.4,Intel Core i5 Processor (8th Gen),8 GB DDR4 RAM,64 bit Windows 10 Operating System,512 GB SSD,35.56 cm (14 inch) Display,Asus Splendid,1 Year Limited International Hardware Warranty,,,,,
161,HP Omen Core i7 10th Gen - (16 GB/1 TB SSD/Windows 10 Home/4 GB Graphics/NVIDIA Geforce GTX 1650 Ti) 1...,"₹1,37,169",N/A,N/A,Intel Core i7 Processor (10th Gen),16 GB DDR4 RAM,64 bit Windows 10 Operating System,1 TB SSD,39.62 cm (15.6 inch) Display,"HP Support Assistant, HP Audio Switch, HP Audio Boost , HP Documentation, HP e-service, HP BIOS Recovery, HP SSRM, HP Smart, HP Jumpstarts",1 Year Onsite Warranty,,,,,
162,Lenovo Ideapad Slim APU Dual Core A4 - (4 GB/64 GB EMMC Storage/Windows 10 Home) 1-14AST-05 Thin and L...,"₹20,990","₹23,490",3.5,AMD APU Dual Core A4 Processor,4 GB DDR4 RAM,64 bit Windows 10 Operating System,35.56 cm (14 inch) Display,1 Year Onsite Warranty,,,,,,,
163,Acer Aspire 5 Core i5 10th Gen - (8 GB/512 GB SSD/Windows 10 Home/2 GB Graphics) A515-54 Laptop,"₹57,990","₹64,999",4.7,Intel Core i5 Processor (10th Gen),8 GB DDR4 RAM,64 bit Windows 10 Operating System,512 GB SSD,39.62 cm (15.6 inch) Display,"Acer Care Center, Acer Configuration Manager, Acer Product Registration, Quick Access",1 Year International Travelers Warranty (ITW),,,,,
164,Asus ZenBook Flip 14 Ryzen 5 Quad Core 2nd Gen - (8 GB/512 GB SSD/Windows 10 Home) UM462DA-AI501TS 2 i...,"₹65,711",N/A,4.4,AMD Ryzen 5 Quad Core Processor (2nd Gen),8 GB DDR4 RAM,64 bit Windows 10 Operating System,512 GB SSD,35.56 cm (14 inch) Touchscreen Display,"Asus Splendid, ATK Package (Asus on Screen Display), Asus Live Update, Microsoft Office Home and Student 2019",1 Year Limited International Hardware Warranty,,,,,
165,Dell Vostro 14 3000 Core i5 8th Gen - (8 GB/1 TB HDD/Linux/2 GB Graphics) VOS 3480 Laptop,"₹43,990","₹50,268",4.2,Intel Core i5 Processor (8th Gen),8 GB DDR4 RAM,Linux/Ubuntu Operating System,1 TB HDD,35.56 cm (14 inch) Display,"1 Year Limited Hardware Warranty, InHome Service After Remote Diagnosis",,,,,,
166,Apple MacBook Pro with Touch Bar Core i5 10th Gen - (16 GB/1 TB SSD/Mac OS Catalina) MWP52HN/A,"₹1,94,900",N/A,5,Intel Core i5 Processor (10th Gen),16 GB LPDDR4X RAM,Mac OS Operating System,1 TB SSD,33.02 cm (13 inch) Display,"Built-in Apps: Photos, iMovie, GarageBand, Pages, Numbers, Keynote, Siri, Safari, Mail, FaceTime, Messages, Maps, News, Stocks, Home, Voice Memos, Notes, Calendar, Contacts, Reminders, Photo Booth, Preview, Music, Podcasts, TV, Books, App Store, Time Machine, Find My, QuickTime Player",1 Year Limited Hardware Warranty,,,,,
167,MSI Prestige 14 Core i7 10th Gen - (16 GB/512 GB SSD/Windows 10 Home/2 GB Graphics) Prestige 14 A10RAS...,"₹92,990","₹1,23,990",4.3,Intel Core i7 Processor (10th Gen),16 GB DDR4 RAM,64 bit Windows 10 Operating System,512 GB SSD,35.56 cm (14 inch) Display,"Cooler Boost, True Color 2.0, Nahimic 3, Creator Center",1 Year Carry In Warranty,,,,,
168,Apple MacBook Pro with Touch Bar Core i5 8th Gen - (8 GB/512 GB SSD/Mac OS Catalina) MXK52HN/A,"₹1,42,990",N/A,4.8,Intel Core i5 Processor (8th Gen),8 GB LPDDR3 RAM,Mac OS Operating System,512 GB SSD,33.02 cm (13 inch) Display,"Built-in Apps: Photos, iMovie, GarageBand, Pages, Numbers, Keynote, Siri, Safari, Mail, FaceTime, Messages, Maps, News, Stocks, Home, Voice Memos, Notes, Calendar, Contacts, Reminders, Photo Booth, Preview, Music, Podcasts, TV, Books, App Store, Time Machine, Find My, QuickTime Player",1 Year Limited Hardware Warranty,,,,,
169,Honor MagicBook 15 Ryzen 5 Quad Core - (8 GB/256 GB SSD/Windows 10 Home) Boh-WAQ9HNR Thin and Light La...,"₹42,990","₹49,990",4.8,65 W Type C Fast Charger,Eye Comfort & Protection - Blue Ray Filter (TUV Rheinland Certified),Security & Privacy - Fingerprint Power Button | Pop-up Camera,AMD Ryzen 5 Quad Core Processor,8 GB DDR4 RAM,64 bit Windows 10 Operating System,256 GB SSD,39.62 cm (15.6 inch) Display,"Honor Magic Link 2.0, PC Manager, Display Manager (Eye Comfort), Factory Restore",1 Year Limited Domestic Warranty,,
170,Apple MacBook Pro Core i7 9th Gen - (16 GB/512 GB SSD/Mac OS Catalina/4 GB Graphics) MVVL2HN/A,"₹1,99,900",N/A,4.4,Intel Core i7 Processor (9th Gen),16 GB DDR4 RAM,Mac OS Operating System,512 GB SSD,40.64 cm (16 inch) Display,"Built-in Apps: iMovie, Photos, GarageBand, Pages, Numbers, Keynote, Siri, Safari, Mail, FaceTime, Messages, Maps, News, Stocks, Home, Voice Memos, Notes, Calendar, Contacts, Reminders, Photo Booth, Preview, Music, Podcasts, TV, Books, App Store, Time Machine, Find My, QuickTime Player",1 Year Onsite Warranty,,,,,
171,Microsoft Surface Pro 7 Core i3 10th Gen - (4 GB/128 GB SSD/Windows 10 Home) M1866 2 in 1 Laptop,"₹75,990","₹77,999",5,Intel Core i3 Processor (10th Gen),4 GB LPDDR4X RAM,64 bit Windows 10 Operating System,128 GB SSD,31.24 cm (12.3 inch) Touchscreen Display,1 Year Onsite Warranty,,,,,,
172,MSI Modern 14 Core i5 10th Gen - (8 GB/512 GB SSD/Windows 10 Home) Modern 14 A10M-1070IN Thin and Ligh...,"₹54,990","₹71,490",4.6,Intel Core i5 Processor (10th Gen),8 GB DDR4 RAM,64 bit Windows 10 Operating System,512 GB SSD,35.56 cm (14 inch) Display,"Cooler Boost 3, True Color 2.0, Nahimic 3, Creator Center",1 Year Carry In Warranty,,,,,
173,Apple MacBook Pro Core i9 9th Gen - (16 GB/1 TB SSD/Mac OS Catalina/4 GB Graphics) MVVM2HN/A,"₹2,24,900","₹2,39,900",4.4,Intel Core i9 Processor (9th Gen),16 GB DDR4 RAM,Mac OS Operating System,1 TB SSD,40.64 cm (16 inch) Display,"Built-in Apps: iMovie, Photos, GarageBand, Pages, Numbers, Keynote, Siri, Safari, Mail, FaceTime, Messages, Maps, News, Stocks, Home, Voice Memos, Notes, Calendar, Contacts, Reminders, Photo Booth, Preview, Music, Podcasts, TV, Books, App Store, Time Machine, Find My, QuickTime Player",1 Year Onsite Warranty,,,,,
174,Dell Inspiron 3000 APU Dual Core A9 - (4 GB/1 TB HDD/Windows 10 Home) 3595 Laptop,"₹27,990","₹30,484",3.9,AMD APU Dual Core A9 Processor,4 GB DDR4 RAM,64 bit Windows 10 Operating System,1 TB HDD,35.56 cm (14 inch) Display,Microsoft Office Home and Student 2019,"1 Year Limited Hardware Warranty, In Home Service After Remote Diagnosis - Retail",,,,,
175,Asus VivoBook 15 Ryzen 5 Quad Core - (8 GB/1 TB HDD/256 GB SSD/Windows 10 Home) X512DA-EJ456TS Thin an...,"₹48,990","₹49,151",4.5,AMD Ryzen 5 Quad Core Processor,8 GB DDR4 RAM,64 bit Windows 10 Operating System,1 TB HDD|256 GB SSD,39.62 cm (15.6 inch) Display,My Asus,1 Year Onsite Warranty,,,,,
176,Asus VivoBook 14 Core i3 8th Gen - (4 GB/512 GB SSD/Windows 10 Home) X412FA-EK296T Thin and Light Lapt...,"₹38,990","₹55,591",3.7,Intel Core i3 Processor (8th Gen),4 GB DDR4 RAM,64 bit Windows 10 Operating System,512 GB SSD,35.56 cm (14 inch) Display,Asus Splendid,1 Year Limited International Hardware Warranty,,,,,
177,Asus VivoBook 14 Ryzen 5 Quad Core 2nd Gen - (8 GB/512 GB SSD/Windows 10 Home) X412DA-EK503T Thin and ...,"₹41,990","₹52,990",4.4,AMD Ryzen 5 Quad Core Processor (2nd Gen),8 GB DDR4 RAM,64 bit Windows 10 Operating System,512 GB SSD,35.56 cm (14 inch) Display,"Asus Giftbox, Asus Live Update",1 Year Limited International Hardware Warranty,,,,,
178,Lenovo Ideapad 3 Core i3 10th Gen - (4 GB/1 TB HDD/Windows 10 Home) 14IIL05 Thin and Light Laptop,"₹35,999","₹40,490",3.9,Intel Core i3 Processor (10th Gen),4 GB DDR4 RAM,64 bit Windows 10 Operating System,1 TB HDD,35.56 cm (14 inch) Display,1 Year Onsite Warranty,,,,,,
179,Asus Core i3 8th Gen - (4 GB/1 TB HDD/Windows 10 Home) X543UA-DM841T Laptop,"₹35,061",N/A,4.2,Intel Core i3 Processor (8th Gen),4 GB DDR4 RAM,64 bit Windows 10 Operating System,1 TB HDD,39.62 cm (15.6 inch) Display,"My Asus, Splendid",1 Year Onsite Warranty,,,,,
186,Microsoft Surface Pro X SQ1 Octa Core - (8 GB/128 GB SSD/Windows 10 Home) M1876 Laptop,"₹1,01,990","₹1,04,999",4.2,Microsoft SQ1 Octa Core Processor,8 GB LPDDR4X RAM,64 bit Windows 10 Operating System,128 GB SSD,33.02 cm (13 inch) Touchscreen Display,1 Year Limited Hardware Warranty,,,,,,
187,Asus VivoBook 14 Core i5 10th Gen - (8 GB/1 TB HDD/256 GB SSD/Windows 10 Home) X412FA-EK513T Thin and ...,"₹55,990","₹66,990",4.5,Intel Core i5 Processor (10th Gen),8 GB DDR4 RAM,64 bit Windows 10 Operating System,1 TB HDD|256 GB SSD,35.56 cm (14 inch) Display,"Asus Splendid, Tru2Life",1 Year Onsite Warranty,,,,,
188,HP Envy Core i5 10th Gen - (8 GB/512 GB SSD/Windows 10 Home) 13-BA003TU Thin and Light Laptop,"₹95,222",N/A,N/A,Intel Core i5 Processor (10th Gen),8 GB DDR4 RAM,64 bit Windows 10 Operating System,512 GB SSD,33.78 cm (13.3 inch) Touchscreen Display,Microsoft Office Home and Student 2019,1 Year Onsite Warranty,,,,,
189,MSI GS66 Stealth Core i7 10th Gen - (32 GB/1 TB SSD/Windows 10 Home/8 GB Graphics/NVIDIA Geforce RTX 2...,"₹2,54,990","₹2,69,990",N/A,Intel Core i7 Processor (10th Gen),32 GB DDR4 RAM,64 bit Windows 10 Operating System,1 TB SSD,39.62 cm (15.6 inch) Display,"Shift, Cooler Boost 5, True Color 2.0, Nahimic 3",2 Year Carry In Warranty,,,,,
190,Asus ROG Strix G Core i5 9th Gen - (8 GB/512 GB SSD/Windows 10 Home/4 GB Graphics/NVIDIA Geforce GTX 1...,"₹69,990","₹77,990",4.8,Intel Core i5 Processor (9th Gen),8 GB DDR4 RAM,64 bit Windows 10 Operating System,512 GB SSD,39.62 cm (15.6 inch) Display,1 Year Onsite Warranty,,,,,,
191,Apple MacBook Pro Core i5 8th Gen - (8 GB/512 GB SSD/Mac OS Mojave) MV972HN,"₹1,69,990","₹1,79,900",4.8,Intel Core i5 Processor (8th Gen),8 GB DDR3 RAM,Mac OS Operating System,512 GB SSD,33.78 cm (13.3 inch) Display,"Built-in Apps: Keynote, Siri, Safari, FaceTime, App Store, iTunes, Time Machine, iMovie, GarageBand, Pages, Notes",1 Year Onsite Warranty,,,,,
192,Asus ZenBook 13 Core i5 8th Gen - (8 GB/256 GB SSD/Windows 10 Home) UX331UAL-EG002T Thin and Light Lap...,"₹62,990","₹78,990",4.5,Intel Core i5 Processor (8th Gen),8 GB DDR3 RAM,64 bit Windows 10 Operating System,256 GB SSD,33.78 cm (13.3 inch) Display,"Asus Splendid, ICEsound",1 Year Onsite Warranty,,,,,
193,Asus ZenBook Core i5 8th Gen - (8 GB/256 GB SSD/Windows 10 Home) UX430UA-GV372T Thin and Light Laptop,"₹54,990","₹65,191",3.3,Intel Core i5 Processor (8th Gen),8 GB DDR3 RAM,64 bit Windows 10 Operating System,256 GB SSD,35.56 cm (14 inch) Display,"Asus Smart Gesture, Asus Splendid",1 Year Limited International Hardware Warranty,,,,,
194,Asus VivoBook 14 Core i5 8th Gen - (8 GB/512 GB SSD/Windows 10 Home/2 GB Graphics) X412FJ-EK176T Thin ...,"₹55,990","₹56,510",4.3,Intel Core i5 Processor (8th Gen),8 GB DDR4 RAM,64 bit Windows 10 Operating System,512 GB SSD,35.56 cm (14 inch) Display,Asus Splendid,1 Year Limited International Hardware Warranty,,,,,
195,Asus VivoBook 14 Core i5 8th Gen - (8 GB/512 GB SSD/Windows 10 Home) X412FA-EK268T Thin and Light Lapt...,"₹50,990","₹55,591",4.4,Intel Core i5 Processor (8th Gen),8 GB DDR4 RAM,64 bit Windows 10 Operating System,512 GB SSD,35.56 cm (14 inch) Display,Asus Splendid,1 Year Limited International Hardware Warranty,,,,,
196,Dell Inspiron 3000 Core i7 9th Gen - (8 GB/512 GB SSD/Windows 10 Home/4 GB Graphics/NVIDIA Geforce GTX...,"₹93,490","₹1,04,776",N/A,Intel Core i7 Processor (9th Gen),8 GB DDR4 RAM,64 bit Windows 10 Operating System,512 GB SSD,39.62 cm (15.6 inch) Display,Microsoft Office Home and Student 2019,"1 Year Limited Hardware Warranty, In Home Service After Remote Diagnosis - Retail",,,,,
197,Nexstgo Core i5 8th Gen - (8 GB/256 GB SSD/Windows 10 Pro) NX101 Thin and Light Laptop,"₹79,990","₹94,490",N/A,Intel Core i5 Processor (8th Gen),8 GB DDR4 RAM,64 bit Windows 10 Operating System,256 GB SSD,35.56 cm (14 inch) Display,3 Years Onsite Warranty,,,,,,
198,Dell Vostro 3000 Core i3 10th Gen - (4 GB/1 TB HDD/Windows 10 Home) VOS 3590 Laptop,"₹36,718",N/A,4.1,Intel Core i3 Processor (10th Gen),4 GB DDR4 RAM,64 bit Windows 10 Operating System,1 TB HDD,39.62 cm (15.6 inch) Display,Microsoft Office Home and Student 2019,"1 Year Limited Hardware Warranty, In Home Service After Remote Diagnosis - Retail",,,,,
199,Lenovo Yoga 730 Core i5 8th Gen - (8 GB/512 GB SSD/Windows 10 Home) 730-13IKB Thin and Light Laptop,"₹94,990","₹1,13,890",N/A,Intel Core i5 Processor (8th Gen),8 GB DDR4 RAM,64 bit Windows 10 Operating System,512 GB SSD,33.78 cm (13.3 inch) Touchscreen Display,"Microsoft Office Home and Student 2016, Lenovo App Explorer, Lenovo Companion 3.0",1 Year Onsite Warranty,,,,,
200,HP 14s Core i3 10th Gen - (4 GB/256 GB SSD/Windows 10 Home) 14s-cf3047TU Thin and Light Laptop,"₹34,490","₹36,739",3.9,Intel Core i3 Processor (10th Gen),4 GB DDR4 RAM,64 bit Windows 10 Operating System,256 GB SSD,35.56 cm (14 inch) Display,"HP Support Assistant, HP Documentation",1 Year Onsite Warranty,,,,,
201,MSI Modern 14 Core i7 10th Gen - (8 GB/512 GB SSD/Windows 10 Home/2 GB Graphics) Modern 14 A10RAS-1069...,"₹79,990","₹84,990",N/A,Intel Core i7 Processor (10th Gen),8 GB DDR4 RAM,64 bit Windows 10 Operating System,512 GB SSD,35.56 cm (14 inch) Display,"Cooler Boost 3, True Color 2.0, Nahimic 3, Creator Center",1 Year Carry In Warranty,,,,,
202,Asus Core i7 10th Gen - (16 GB/1 TB SSD/Windows 10 Home/2 GB Graphics) UX481FL-BM149T Thin and Light L...,"₹1,19,990","₹1,34,990",N/A,Intel Core i7 Processor (10th Gen),16 GB DDR3 RAM,64 bit Windows 10 Operating System,1 TB SSD,35.56 cm (14 inch) Display,"My Asus, Splendid, Tru2Life",1 Year Onsite Warranty,,,,,
203,Dell Inspiron 13 7000 Series Core i7 8th Gen - (16 GB/512 GB SSD/Windows 10 Home) insp 7380 Laptop,"₹95,790","₹1,15,185",N/A,Intel Core i7 Processor (8th Gen),16 GB DDR4 RAM,64 bit Windows 10 Operating System,512 GB SSD,33.78 cm (13.3 inch) Display,Microsoft Office Home and Student 2016,"1 Year Limited Hardware Warranty, In Home Service After Remote Diagnosis - Retail",,,,,
204,Asus Core i5 8th Gen - (8 GB/256 GB SSD/Windows 10 Home) X509FA-EJ562TS Laptop,"₹51,790","₹65,990",N/A,Intel Core i5 Processor (8th Gen),8 GB DDR4 RAM,64 bit Windows 10 Operating System,256 GB SSD,39.62 cm (15.6 inch) Display,"Splendid, Tru2Life, Keyboard Hotkeys, Link to MyASUS (Bluetooth Needed)",1 Year Onsite Warranty,,,,,
205,Microsoft Surface Go Pentium Gold - (4 GB/64 GB EMMC Storage/Windows 10 Home in S Mode) 1824 2 in 1 La...,"₹35,999","₹38,599",4.4,Intel Pentium Gold Processor,4 GB DDR3 RAM,64 bit Windows 10 Operating System,25.4 cm (10 inch) Touchscreen Display,1 Year Limited Hardware Warranty,,,,,,,
206,Acer Aspire 5 Core i5 7th Gen - (8 GB/1 TB HDD/Windows 10 Home/2 GB Graphics) A515-51G-5206 Laptop,"₹51,990","₹63,999",3.5,Intel Core i5 Processor (7th Gen),8 GB DDR4 RAM,64 bit Windows 10 Operating System,1 TB HDD,39.62 cm (15.6 inch) Display,"Acer Care Center, Acer Configuration Manager, Acer Quick Access, Microsoft Office Home and Student 2016",1 Year International Travelers Warranty (ITW),,,,,
207,Apple MacBook Pro with Touch Bar Core i5 10th Gen - (16 GB/1 TB SSD/Mac OS Catalina) MWP82HN/A,"₹1,94,900",N/A,5,Intel Core i5 Processor (10th Gen),16 GB LPDDR4X RAM,Mac OS Operating System,1 TB SSD,33.02 cm (13 inch) Display,"Built-in Apps: Photos, iMovie, GarageBand, Pages, Numbers, Keynote, Siri, Safari, Mail, FaceTime, Messages, Maps, News, Stocks, Home, Voice Memos, Notes, Calendar, Contacts, Reminders, Photo Booth, Preview, Music, Podcasts, TV, Books, App Store, Time Machine, Find My, QuickTime Player",1 Year Limited Hardware Warranty,,,,,
208,Asus ZenBook Classic Core i5 10th Gen - (8 GB/512 GB SSD/Windows 10 Home) UX333FA-A5821TS Thin and Lig...,"₹79,990","₹98,990",N/A,Intel Core i5 Processor (10th Gen),8 GB DDR4 RAM,64 bit Windows 10 Operating System,512 GB SSD,33.78 cm (13.3 inch) Display,"Asus Splendid, Microsoft Office Home and Student 2019",1 Year Onsite Warranty,,,,,
209,Avita Liber Core i5 8th Gen - (8 GB/256 GB SSD/Windows 10 Home) NS13A2IN206P Thin and Light Laptop,"₹39,990","₹69,844",4.2,Intel Core i5 Processor (8th Gen),8 GB DDR4 RAM,64 bit Windows 10 Operating System,256 GB SSD,33.78 cm (13.3 inch) Display,18 Months Warranty + 6 Months Extended Warranty (6 Months Extended Warranty Upon Online Product Registration on www.avita-india.com),,,,,,
215,HP 15 Core i3 8th Gen - (8 GB/1 TB HDD/Windows 10 Home) 15-da0414tu Thin and Light Laptop,"₹35,990","₹41,117",4.2,Intel Core i3 Processor (8th Gen),8 GB DDR4 RAM,64 bit Windows 10 Operating System,1 TB HDD,39.62 cm (15.6 inch) Display,"HP Audio Switch, HP Documentation, HP ePrint, HP JumpStart, HP Sure Connect",1 Year Onsite Warranty,,,,,
216,Asus ZenBook Classic Core i5 10th Gen - (8 GB/512 GB SSD/Windows 10 Home/2 GB Graphics) UX334FL-A5821T...,"₹83,990","₹1,05,990",N/A,Intel Core i5 Processor (10th Gen),8 GB DDR4 RAM,64 bit Windows 10 Operating System,512 GB SSD,33.78 cm (13.3 inch) Display,"Asus Splendid, Microsoft Office Home and Student 2019",1 Year Onsite Warranty,,,,,
217,Asus VivoBook S14 Core i5 8th Gen - (8 GB/1 TB HDD/256 GB SSD/Windows 10 Home) S410UA-EB409T Laptop,"₹59,990","₹68,990",4.4,Intel Core i5 Processor (8th Gen),8 GB DDR4 RAM,64 bit Windows 10 Operating System,1 TB HDD|256 GB SSD,35.56 cm (14 inch) Display,2 Years Onsite Warranty,,,,,,
218,Acer Swift 5 Core i5 8th Gen - (8 GB/512 GB SSD/Windows 10 Home) SF514-52T -59JY Thin and Light Laptop,"₹70,990","₹87,999",N/A,Intel Core i5 Processor (8th Gen),8 GB DDR3 RAM,64 bit Windows 10 Operating System,512 GB SSD,35.56 cm (14 inch) Display,"Acer Care Center, Acer Quick Access, Acer Configuration Manager",1 Year International Travelers Warranty (ITW),,,,,
219,Microsoft Surface Pro Core i5 7th Gen - (4 GB/128 GB SSD/Windows 10 Pro) 1796 2 in 1 Laptop,"₹79,999",N/A,4.5,"Pre-installed Genuine Windows 10 Operating System (Includes Built-in Security, Free Automated Updates, Latest Features)",Intel Core i5 Processor (7th Gen),4 GB DDR3 RAM,64 bit Windows 10 Operating System,128 GB SSD,31.24 cm (12.3 inch) Touchscreen Display,1 Year Onsite Warranty,,,,,
220,HP Pavilion Gaming Core i5 9th Gen - (8 GB/1 TB HDD/256 GB SSD/Windows 10 Home/4 GB Graphics/NVIDIA Ge...,"₹74,999","₹80,698",N/A,Intel Core i5 Processor (9th Gen),8 GB DDR4 RAM,64 bit Windows 10 Operating System,1 TB HDD|256 GB SSD,39.62 cm (15.6 inch) Display,"HP Documentation, HP e-service, HP BIOS Recovery, HP SSRM, HP Jumpstarts, HP Audio Switch, HP Audio Boost, HP Support Assistant",1 Year Onsite Warranty,,,,,
221,Asus ZenBook Flip 3 Core i7 8th Gen - (8 GB/512 GB SSD/Windows 10 Home) UX362FA-EL701T 2 in 1 Laptop,"₹85,031",N/A,N/A,Intel Core i7 Processor (8th Gen),8 GB DDR4 RAM,64 bit Windows 10 Operating System,512 GB SSD,33.78 cm (13.3 inch) Touchscreen Display,"Asus Smart Gesture, Asus Splendid",1 Year Onsite Warranty,,,,,
222,Acer Swift 3 Core i5 8th Gen - (8 GB/256 GB SSD/Windows 10 Home) SF313-51-506P Thin and Light Laptop,"₹57,990","₹65,546",3.5,Intel Core i5 Processor (8th Gen),8 GB DDR4 RAM,64 bit Windows 10 Operating System,256 GB SSD,33.78 cm (13.3 inch) Display,"Acer Care Center, Acer Quick Access",1 Year International Travelers Warranty (ITW),,,,,
223,Asus ZenBook 13 Core i5 8th Gen - (8 GB/512 GB SSD/Windows 10 Home) UX331UAL-EG011T Thin and Light Lap...,"₹75,990","₹89,990",4.5,Intel Core i5 Processor (8th Gen),8 GB DDR3 RAM,64 bit Windows 10 Operating System,512 GB SSD,33.78 cm (13.3 inch) Display,"Asus Splendid, ICEsound",1 Year Onsite Warranty,,,,,
224,Dell Inspiron Core i7 10th Gen - (8 GB/512 GB SSD/Windows 10 Home) Inspiron 7391 2 in 1 Laptop,"₹1,09,216","₹1,19,442",N/A,Intel Core i7 Processor (10th Gen),8 GB DDR4 RAM,64 bit Windows 10 Operating System,512 GB SSD,33.78 cm (13.3 inch) Touchscreen Display,Microsoft Office Home and Student 2019,"1 Year Limited Hardware Warranty, In Home Service After Remote Diagnosis - Retail",,,,,
225,Acer Swift 5 Core i5 8th Gen - (8 GB/256 GB SSD/Windows 10 Home) SF514-52T Thin and Light Laptop,"₹64,990","₹82,799",4.5,Intel Core i5 Processor (8th Gen),8 GB DDR3 RAM,64 bit Windows 10 Operating System,256 GB SSD,35.56 cm (14 inch) Touchscreen Display,"Acer Care Center, Acer Configuration Manager, Acer Portal, Acer Quick Access, Microsoft Office Home and Student 2016",1 Year International Travelers Warranty (ITW),,,,,
226,Asus ZenBook Classic Core i5 10th Gen - (8 GB/512 GB SSD/Windows 10 Home/2 GB Graphics) UX434FL-A5822T...,"₹84,990","₹1,05,990",N/A,Intel Core i5 Processor (10th Gen),8 GB DDR4 RAM,64 bit Windows 10 Operating System,512 GB SSD,35.56 cm (14 inch) Display,"Asus Splendid, Microsoft Office Home and Student 2019",1 Year Onsite Warranty,,,,,
227,MSI Core i7 8th Gen - (16 GB/1 TB HDD/256 GB SSD/Windows 10 Home/6 GB Graphics/NVIDIA Geforce RTX 2060...,"₹1,58,990",N/A,N/A,NVIDIA GeForce RTX 2060,Intel Core i7 Processor (8th Gen),16 GB DDR4 RAM,64 bit Windows 10 Operating System,1 TB HDD|256 GB SSD,43.94 cm (17.3 inch) Display,"Killer DoubleShot Pro, Dragon Center 2.0, Cooler Boost 5, Nahimic 3",2 Years Carry In Warranty,,,,
228,Lenovo Ideapad 520 Core i5 8th Gen - (4 GB/1 TB HDD/Windows 10 Home/2 GB Graphics) 520-15IKB Laptop,"₹55,139",N/A,N/A,Intel Core i5 Processor (8th Gen),4 GB DDR4 RAM,64 bit Windows 10 Operating System,1 TB HDD,39.62 cm (15.6 inch) Display,"Lenovo App Explorer, Lenovo Companion 3.0",1 Year Onsite Warranty,,,,,
229,Nexstgo Core i5 8th Gen - (16 GB/512 GB SSD/Windows 10 Pro) NX101 Thin and Light Laptop,"₹97,990","₹1,16,490",N/A,Intel Core i5 Processor (8th Gen),16 GB DDR4 RAM,64 bit Windows 10 Operating System,512 GB SSD,35.56 cm (14 inch) Display,3 Years Onsite Warranty,,,,,,
230,Dell Inspiron Core i5 10th Gen - (8 GB/512 GB SSD/Windows 10 Home) Inspiron 7490 Thin and Light Laptop,"₹88,996","₹99,433",N/A,Intel Core i5 Processor (10th Gen),8 GB DDR4 RAM,64 bit Windows 10 Operating System,512 GB SSD,35.56 cm (14 inch) Display,Microsoft Office Home and Student 2019,"1 Year Limited Hardware Warranty, In Home Service After Remote Diagnosis - Retail",,,,,
231,Asus ZenBook 14 Core i5 8th Gen - (8 GB/512 GB SSD/Windows 10 Home) UX433FA-A6106T Thin and Light Lapt...,"₹74,910",N/A,3.8,Intel Core i5 Processor (8th Gen),8 GB DDR3 RAM,64 bit Windows 10 Operating System,512 GB SSD,35.56 cm (14 inch) Display,Asus Splendid,1 Year Onsite Warranty,,,,,
232,HP 14s Core i5 10th Gen - (8 GB/1 TB HDD/256 GB SSD/Windows 10 Home) 14s-cs3006TX Thin and Light Lapto...,"₹69,999","₹70,990",N/A,Intel Core i5 Processor (10th Gen),8 GB DDR4 RAM,64 bit Windows 10 Operating System,1 TB HDD|256 GB SSD,35.56 cm (14 inch) Display,Microsoft Office Home and Student 2019,1 Year Onsite Warranty,,,,,
233,Asus ZenBook 13 Core i7 8th Gen - (8 GB/512 GB SSD/Windows 10 Home) UX333FA-A4116T Thin and Light Lapt...,"₹81,350",N/A,4.4,Intel Core i7 Processor (8th Gen),8 GB DDR3 RAM,64 bit Windows 10 Operating System,512 GB SSD,33.78 cm (13.3 inch) Display,Asus Splendid,1 Year Onsite Warranty,,,,,
234,Lenovo Ideapad L340 Core i5 9th Gen - (8 GB/1 TB HDD/Windows 10 Home/3 GB Graphics/NVIDIA Geforce GTX ...,"₹52,990","₹69,890",4.3,Intel Core i5 Processor (9th Gen),8 GB DDR4 RAM,64 bit Windows 10 Operating System,1 TB HDD,39.62 cm (15.6 inch) Display,1 Year Onsite Warranty,,,,,,
235,Lenovo Ideapad C340 Core i5 10th Gen - (8 GB/512 GB SSD/Windows 10 Home/2 GB Graphics) C340-14IMLd Thi...,"₹78,590","₹99,990",N/A,Intel Core i5 Processor (10th Gen),8 GB DDR4 RAM,64 bit Windows 10 Operating System,512 GB SSD,35.56 cm (14 inch) Touchscreen Display,Microsoft Office Home and Student 2019,1 Year Onsite Warranty,,,,,
236,Dell G3 Core i5 10th Gen - (8 GB/1 TB HDD/256 GB SSD/Windows 10 Home/4 GB Graphics/NVIDIA Geforce GTX ...,"₹73,990","₹74,802",4.8,Intel Core i5 Processor (10th Gen),8 GB DDR4 RAM,64 bit Windows 10 Operating System,1 TB HDD|256 GB SSD,39.62 cm (15.6 inch) Display,"1 Year Limited Hardware Warranty, In Home Service After Remote Diagnosis - Retail",,,,,,
237,Dell Inspiron 7000 Core i5 10th Gen - (8 GB/512 GB SSD/Windows 10 Home) 7391 2 in 1 Laptop,"₹91,252","₹92,416",N/A,Intel Core i5 Processor (10th Gen),8 GB DDR4 RAM,64 bit Windows 10 Operating System,512 GB SSD,33.78 cm (13.3 inch) Touchscreen Display,Microsoft Office Home and Student 2019,"1 Year Limited Hardware Warranty, In Home Service After Remote Diagnosis - Retail",,,,,
238,Microsoft Surface Pro 6 Core i7 8th Gen - (8 GB/256 GB SSD/Windows 10 Home) 1796 2 in 1 Laptop,"₹1,35,990","₹1,39,999",N/A,Intel Core i7 Processor (8th Gen),8 GB DDR3 RAM,64 bit Windows 10 Operating System,256 GB SSD,31.24 cm (12.3 inch) Touchscreen Display,1 Year Limited Hardware Warranty,,,,,,
244,Acer Swift 7 Core i5 7th Gen - (8 GB/256 GB SSD/Windows 10 Home) SF713-51 Thin and Light Laptop,"₹72,990","₹1,12,999",4.5,Intel Core i5 Processor (7th Gen),8 GB DDR3 RAM,64 bit Windows 10 Operating System,256 GB SSD,33.78 cm (13.3 inch) Display,"Acer Care Center, Acer Configuration Manager, Acer Portal, Acer Quick Access, Microsoft Office Home and Student 2016",1 Year International Travelers Warranty (ITW),,,,,
245,Apple MacBook Pro Core i7 9th Gen - (16 GB/512 GB SSD/Mac OS Catalina/4 GB Graphics) MVVL2HN/A,"₹1,99,900",N/A,4.4,Intel Core i7 Processor (9th Gen),16 GB DDR4 RAM,Mac OS Operating System,512 GB SSD,40.64 cm (16 inch) Display,"Built-in Apps: iMovie, Photos, GarageBand, Pages, Numbers, Keynote, Siri, Safari, Mail, FaceTime, Messages, Maps, News, Stocks, Home, Voice Memos, Notes, Calendar, Contacts, Reminders, Photo Booth, Preview, Music, Podcasts, TV, Books, App Store, Time Machine, Find My, QuickTime Player",1 Year Onsite Warranty,,,,,
246,Asus ROG Zephyrus S Core i7 9th Gen - (24 GB/1 TB SSD/Windows 10 Home/8 GB Graphics/NVIDIA Geforce RTX...,"₹2,39,990","₹3,11,990",N/A,Intel Core i7 Processor (9th Gen),24 GB DDR4 RAM,64 bit Windows 10 Operating System,1 TB SSD,39.62 cm (15.6 inch) Display,"GameFirst, GameVisual, Sonic Studio, Aura Core, XSplit Gamecaster",1 Year Onsite Warranty,,,,,
247,Asus ZenBook Pro 15 Core i9 8th Gen - (16 GB/1 TB SSD/Windows 10 Home/4 GB Graphics) UX580GE-E2032T La...,"₹2,04,990","₹2,09,990",5,First Ever Screenpad,NVIDIA GeForce GTX 1050 Ti,Intel Core i9 Processor (8th Gen),16 GB DDR4 RAM,64 bit Windows 10 Operating System,1 TB SSD,39.62 cm (15.6 inch) Touchscreen Display,1 Year Onsite Warranty,,,,
248,Apple MacBook Pro Core i7 7th Gen - (16 GB/512 GB SSD/Mac OS Sierra/2 GB Graphics) MPTT2HN/A,"₹2,29,990","₹2,44,990",N/A,Intel Core i7 Processor (7th Gen),16 GB DDR3 RAM,64 bit Mac OS Operating System,512 GB SSD,39.12 cm (15.4 inch) Display,"Built-in Apps: Siri, Safari, App Store, iMovie, GarageBand, Keynote, FaceTime, iBooks, iTunes",1 Year Warranty,,,,,
249,Asus ZenBook 13 Core i5 8th Gen - (8 GB/256 GB SSD/Windows 10 Home) UX331FAL-EG075T Thin and Light Lap...,"₹54,990","₹81,990",4.4,Intel Core i5 Processor (8th Gen),8 GB DDR4 RAM,64 bit Windows 10 Operating System,256 GB SSD,33.78 cm (13.3 inch) Display,"Asus Splendid, Asus Smart Gesture, ICEsound",1 Year Limited International Hardware Warranty,,,,,
250,HP 15 Core i7 8th Gen - (16 GB/1 TB HDD/128 GB SSD/Windows 10 Home/4 GB Graphics) 15-dc0084TX Laptop,"₹1,26,873",N/A,N/A,Intel Core i7 Processor (8th Gen),16 GB DDR4 RAM,64 bit Windows 10 Operating System,1 TB HDD|128 GB SSD,39.62 cm (15.6 inch) Display,"HP Audio Switch, HP Support Assistant, Omen Command Center",1 Year Onsite Warranty,,,,,
251,Asus TUF Core i5 8th Gen - (8 GB/1 TB HDD/Windows 10 Home/4 GB Graphics/NVIDIA Geforce GTX 1050) FX504...,"₹74,990",N/A,4.4,Intel Core i5 Processor (8th Gen),8 GB DDR4 RAM,64 bit Windows 10 Operating System,1 TB HDD,39.62 cm (15.6 inch) Display,1 Year Onsite Warranty,,,,,,
252,Lenovo Core i7 7th Gen - (8 GB/256 GB SSD/Windows 10 Home) IP 720S Thin and Light Laptop,"₹93,082",N/A,2,"Pre-installed Genuine Windows 10 Operating System (Includes Built-in Security, Free Automated Updates, Latest Features)",Intel Core i7 Processor (7th Gen),8 GB DDR4 RAM,64 bit Windows 10 Operating System,256 GB SSD,33.78 cm (13.3 inch) Display,1 Year Onsite Warranty,,,,,
253,MSI Prestige 14 Core i7 10th Gen - (16 GB/512 GB SSD/Windows 10 Home/2 GB Graphics) Prestige 14 A10RAS...,"₹92,990","₹1,09,490",4.3,Intel Core i7 Processor (10th Gen),16 GB DDR4 RAM,64 bit Windows 10 Operating System,512 GB SSD,35.56 cm (14 inch) Display,"Cooler Boost, True Color 2.0, Nahimic 3, Creator Center",1 Year Carry In Warranty,,,,,
254,Dell Vostro 3000 Core i5 8th Gen - (8 GB/1 TB HDD/Windows 10 Home) 3480 Laptop,"₹51,130","₹52,174",4.1,Intel Core i5 Processor (8th Gen),8 GB DDR4 RAM,64 bit Windows 10 Operating System,1 TB HDD,35.56 cm (14 inch) Display,"1 Year Limited Hardware Warranty, In Home Service After Remote Diagnosis - Retail",,,,,,
255,Dell Inspiron 7000 Core i5 10th Gen - (8 GB/512 GB SSD/Windows 10 Home/2 GB Graphics) 7490 Thin and Li...,"₹91,958",N/A,N/A,Intel Core i5 Processor (10th Gen),8 GB DDR4 RAM,64 bit Windows 10 Operating System,512 GB SSD,35.56 cm (14 inch) Display,Microsoft Office Home and Student 2019,"1 Year Limited Hardware Warranty, In Home Service After Remote Diagnosis - Retail",,,,,
256,Apple MacBook Pro Core i9 8th Gen - (16 GB/512 GB SSD/Mac OS Mojave/4 GB Graphics) MV932HN,"₹2,24,990","₹2,39,900",4.1,Intel Core i9 Processor (8th Gen),16 GB DDR3 RAM,Mac OS Operating System,512 GB SSD,39.12 cm (15.4 inch) Display,"Built-in Apps: Keynote, Siri, Safari, FaceTime, App Store, iTunes, Time Machine, iMovie, GarageBand, Pages, Notes",1 Year Onsite Warranty,,,,,
257,Acer Swift 3 Core i5 8th Gen - (8 GB + 16 GB Optane/1 TB HDD/Windows 10 Home/2 GB Graphics) SF315-52G ...,"₹73,199",N/A,4.4,Intel Core i5 Processor (8th Gen),8 GB DDR4 RAM,64 bit Windows 10 Operating System,1 TB HDD,39.62 cm (15.6 inch) Display,"Acer Care Center, Acer Configuration Manager, Acer Quick Access",1 Year International Travelers Warranty (ITW),,,,,
258,Asus ZenBook 13 Core i7 8th Gen - (8 GB/512 GB SSD/Windows 10 Home) UX333FA-A4175T Thin and Light Lapt...,"₹81,351",N/A,N/A,Intel Core i7 Processor (8th Gen),8 GB DDR3 RAM,64 bit Windows 10 Operating System,512 GB SSD,33.78 cm (13.3 inch) Display,"Asus Smart Gesture, Asus Splendid",1 Year Onsite Warranty,,,,,
259,Lenovo IdeaPad Core i5 10th Gen - (8 GB/256 GB SSD/Windows 10) 81Y400DXIN Notebook,"₹75,990","₹1,03,490",N/A,Intel Core i5 Processor (10th Gen),8 GB DDR4 RAM,64 bit Windows 10 Operating System,256 GB SSD,39.62 cm (15.6 inch) Display,1 Year Warranty,,,,,,
260,Asus Core i7 10th Gen - (16 GB/1 TB SSD/Windows 10 Home/2 GB Graphics) UX481FL-HJ143TS Thin and Light ...,"₹1,31,990","₹1,49,990",N/A,Intel Core i7 Processor (10th Gen),16 GB DDR3 RAM,64 bit Windows 10 Operating System,1 TB SSD,35.56 cm (14 inch) Display,"My Asus, Splendid, Tru2Life, Microsoft Office Home and Student 2019",1 Year Onsite Warranty,,,,,
261,Lenovo Ideapad 720S Core i5 8th Gen - (8 GB/512 GB SSD/Windows 10 Home) 720S-13IKB Thin and Light Lapt...,"₹83,458",N/A,5,Intel Core i5 Processor (8th Gen),8 GB DDR4 RAM,64 bit Windows 10 Operating System,512 GB SSD,33.78 cm (13.3 inch) Display,"Microsoft Office Home and Student 2016, Lenovo App Explorer, Lenovo Companion 3.0",1 Year Onsite Warranty,,,,,
262,Apple Macbook Pro Core i7 8th Gen - (16 GB/512 GB SSD/Mac OS Mojave/4 GB Graphics) MR942HN/A,"₹2,39,990","₹2,59,990",4,Intel Core i7 Processor (8th Gen),16 GB DDR4 RAM,64 bit Mac OS Operating System,512 GB SSD,39.12 cm (15.4 inch) Display,"Built-in Apps: Siri, Safari, App Store, iMovie, GarageBand, Keynote, FaceTime, iBooks, iTunes, FaceTime, Maps, PhotoBooth, iMovie, Photos, Reminders, App Store",1 Year Limited Warranty,,,,,
263,Avita Liber Core i5 8th Gen - (8 GB/256 GB SSD/Windows 10 Home) NS13A2IN201P Thin and Light Laptop,"₹39,990","₹69,844",4.2,Intel Core i5 Processor (8th Gen),8 GB DDR3 RAM,64 bit Windows 10 Operating System,256 GB SSD,33.78 cm (13.3 inch) Display,18 Months Warranty + 6 Months Extended Warranty (6 Months Extended Warranty Upon Online Product Registration on www.avita-india.com),,,,,,
264,MSI Stealth Core i7 8th Gen - (16 GB/512 GB SSD/Windows 10 Home/6 GB Graphics/NVIDIA Geforce RTX 2060)...,"₹1,89,990",N/A,4.8,NVIDIA GeForce RTX 2060,Intel Core i7 Processor (8th Gen),16 GB DDR4 RAM,64 bit Windows 10 Operating System,512 GB SSD,39.62 cm (15.6 inch) Display,"SteelSeries Engine 3, Cooler Boost Trinity, Dragon Center 2.0, Nahimic 3, True Color 2.0",2 Years Carry In Warranty,,,,
265,HP Pavilion Gaming Core i5 10th Gen - (8 GB/1 TB HDD/256 GB SSD/Windows 10 Home/4 GB Graphics/NVIDIA G...,"₹99,900",N/A,N/A,Intel Core i5 Processor (10th Gen),8 GB DDR4 RAM,64 bit Windows 10 Operating System,1 TB HDD|256 GB SSD,40.89 cm (16.1 inch) Display,"HP Support Assistant, HP Audio Boost, HP Audio Switch, HP Documentation, HP e-service, HP BIOS Recovery, HP SSRM, HP Jumpstarts, Microsoft Office Home and Student 2019",1 Year Onsite Warranty,,,,,
266,Lenovo Ideapad L340 Core i5 9th Gen - (8 GB/1 TB HDD/Windows 10 Home/4 GB Graphics/NVIDIA Geforce GTX ...,"₹64,990","₹76,890",4.3,Intel Core i5 Processor (9th Gen),8 GB DDR4 RAM,64 bit Windows 10 Operating System,1 TB HDD,39.62 cm (15.6 inch) Display,1 Year Onsite Warranty,,,,,,
267,Asus VivoBook 15 Core i3 7th Gen - (4 GB/1 TB HDD/Windows 10 Home) X543UA-DM341T Laptop,"₹28,990","₹35,060",4.1,Intel Core i3 Processor (7th Gen),4 GB DDR4 RAM,64 bit Windows 10 Operating System,1 TB HDD,39.62 cm (15.6 inch) Display,"Asus GiftBox, Asus Smart Gesture, Asus Splendid, Asus WebStorage Sync Agent, Dropbox (25 GB), Evernote, ICEsound, USB Charger+",1 Year Onsite Warranty,,,,,
273,Lenovo Ideapad S340 Core i3 10th Gen - (4 GB/1 TB HDD/Windows 10 Home) S340-14IIL Thin and Light Lapto...,"₹42,990","₹48,990",3.5,Intel Core i3 Processor (10th Gen),4 GB DDR4 RAM,64 bit Windows 10 Operating System,1 TB HDD,35.56 cm (14 inch) Display,Microsoft Office Home and Student 2019,1 Year Onsite Warranty,,,,,
274,MSI GL Core i7 7th Gen - (8 GB/1 TB HDD/128 GB SSD/Windows 10 Home/4 GB Graphics/NVIDIA Geforce 1050Ti...,"₹99,990",N/A,N/A,"Pre-installed Genuine Windows 10 Operating System (Includes Built-in Security, Free Automated Updates, Latest Features)",Upgradable SSD Upto 512 GB,Dual Fan Cooling Technology Provides Highest Level of Cooling Design,128 GB SSD for Reduced Boot Up Time and in Game Loading,NVIDIA Geforce GTX 1050Ti for Desktop Level Performance,Intel Core i7 Processor (7th Gen),8 GB DDR4 RAM,64 bit Windows 10 Operating System,1 TB HDD|128 GB SSD,39.62 cm (15.6 inch) Display,2 Years Manufacturer Warranty,
275,Lenovo Ideapad S145 Core i5 10th Gen - (8 GB/1 TB HDD/Windows 10 Home) S145-15IIL Laptop,"₹43,990","₹63,090",4.2,Intel Core i5 Processor (10th Gen),8 GB DDR4 RAM,64 bit Windows 10 Operating System,1 TB HDD,39.62 cm (15.6 inch) Display,1 Year Onsite Warranty,,,,,,
276,Lenovo Core i5 7th Gen - (8 GB/1 TB HDD/Windows 10 Home/4 GB Graphics) IP 520 Laptop,"₹64,715",N/A,4,"Pre-installed Genuine Windows 10 Operating System (Includes Built-in Security, Free Automated Updates, Latest Features)",Intel Core i5 Processor (7th Gen),8 GB DDR4 RAM,64 bit Windows 10 Operating System,1 TB HDD,39.62 cm (15.6 inch) Display,1 Year Onsite Warranty,,,,,
277,Asus ROG Core i7 7th Gen - (8 GB/1 TB HDD/256 GB SSD/Windows 10 Home/6 GB Graphics/NVIDIA Geforce GTX ...,"₹1,46,490",N/A,3,"Pre-installed Genuine Windows 10 Operating System (Includes Built-in Security, Free Automated Updates, Latest Features)",Intel Core i7 Processor (7th Gen),8 GB DDR4 RAM,64 bit Windows 10 Operating System,1 TB HDD|256 GB SSD,39.62 cm (15.6 inch) Display,"Gaming Center, ROG Game First III, ICEsound",1 Year Onsite Warranty,,,,
278,Lenovo Legion Y530 Core i7 8th Gen - (8 GB/1 TB HDD/128 GB SSD/Windows 10 Home/4 GB Graphics/NVIDIA Ge...,"₹1,04,290",N/A,N/A,Intel Core i7 Processor (8th Gen),8 GB DDR4 RAM,64 bit Windows 10 Operating System,1 TB HDD|128 GB SSD,39.62 cm (15.6 inch) Display,"Lenovo App Explorer, Lenovo Companion 3.0",1 Year Onsite Warranty,,,,,
279,Asus ZenBook Classic Core i5 10th Gen - (8 GB/512 GB SSD/Windows 10 Home) UX333FA-A5822TS Thin and Lig...,"₹79,990","₹98,990",N/A,Intel Core i5 Processor (10th Gen),8 GB DDR4 RAM,64 bit Windows 10 Operating System,512 GB SSD,33.78 cm (13.3 inch) Display,"Asus Splendid, Microsoft Office Home and Student 2019",1 Year Onsite Warranty,,,,,
280,Lenovo Core i7 6th Gen - (8 GB/512 GB SSD/Windows 10 Home) Yoga 900 2 in 1 Laptop,"₹1,28,690",N/A,3.7,"Pre-installed Genuine Windows 10 Operating System (Includes Built-in Security, Free Automated Updates, Latest Features)",Intel Core i7 Processor (6th Gen),8 GB DDR3 RAM,64 bit Windows 10 Operating System,512 GB SSD,33.78 cm (13.3 inch) Touchscreen Display,3 Years Onsite Warranty,,,,,
281,HP Chromebook x360 Core i5 8th Gen - (8 GB/64 GB EMMC Storage/Chrome OS) 14-da0004TU 2 in 1 Laptop,"₹54,490","₹61,975",4.2,64 GB eMMC + 100 GB Cloud Storage,"Access Favorite Apps from Google Play (Like Google Drive, Gmail, YouTube, Whatsapp, MS Office)",Inbuilt Google Assistant,Intel Core i5 Processor (8th Gen),8 GB DDR4 RAM,Chrome Operating System,35.56 cm (14 inch) Touchscreen Display,"HP Audio Switch, Google Chrome, Google Play Store, Google Map, YouTube, Google Photo, Google Docs, Google Spreadsheet, Google Play Music",1 Year Onsite Warranty,,,
282,Lenovo B50-70 Notebook (4th Gen Ci5/ 8GB/ 1TB/ Win8/ 2GB Graph) (59-427747),"₹52,490",N/A,3.8,Intel Core i5 Processor (4th Gen),8 GB DDR3 RAM,64 bit Windows 8 Operating System,1 TB HDD,39.62 cm (15.6 inch) Display,"Please Register your Warranty: http://support.lenovo.com/us/en/contactus/basewarrantyregistration, 1 Year Warranty Warranty to be Registered within 30 Days from the Date of Purchase",,,,,,
283,Avita Liber Core i7 8th Gen - (8 GB/256 GB SSD/Windows 10 Home) NS14A2IN241P Thin and Light Laptop,"₹75,990","₹79,990",N/A,Intel Core i7 Processor (8th Gen),8 GB DDR4 RAM,64 bit Windows 10 Operating System,256 GB SSD,35.56 cm (14 inch) Display,18 Months Warranty + 6 Months Extended Warranty (6 Months Extended Warranty Upon Online Product Registration on www.avita-india.com),,,,,,
284,HP Omen Core i5 7th Gen - (8 GB/1 TB HDD/128 GB SSD/Windows 10 Home/4 GB Graphics/NVIDIA Geforce GTX 1...,"₹1,02,551",N/A,N/A,"Pre-installed Genuine Windows 10 Operating System (Includes Built-in Security, Free Automated Updates, Latest Features)",Intel Core i5 Processor (7th Gen),8 GB DDR4 RAM,64 bit Windows 10 Operating System,1 TB HDD|128 GB SSD,39.62 cm (15.6 inch) Display,"Cyberlink Power Media Player, Omen Audio Control, Omen Command Center, Support Assistant 8.0, Recovery Manager Installer for Windows 10",1 Year Onsite Warranty,,,,
285,Asus ZenBook 14 Core i7 8th Gen - (8 GB/512 GB SSD/Windows 10 Home) UX433FA-A6111T Thin and Light Lapt...,"₹85,990","₹99,990",4.5,Intel Core i7 Processor (8th Gen),8 GB DDR3 RAM,64 bit Windows 10 Operating System,512 GB SSD,35.56 cm (14 inch) Display,Asus Splendid,1 Year Onsite Warranty,,,,,
286,Asus ZenBook 13 Core i5 8th Gen - (8 GB/512 GB SSD/Windows 10 Home) UX333FA-A4117T Thin and Light Lapt...,"₹72,990","₹86,990",4.1,Intel Core i5 Processor (8th Gen),8 GB DDR3 RAM,64 bit Windows 10 Operating System,512 GB SSD,33.78 cm (13.3 inch) Display,Asus Splendid,1 Year Onsite Warranty,,,,,
287,MSI GE75 Raider Core i7 10th Gen - (32 GB/1 TB HDD/1 TB SSD/Windows 10 Home/8 GB Graphics/NVIDIA Gefor...,"₹2,87,990","₹3,02,990",N/A,Intel Core i7 Processor (10th Gen),32 GB DDR4 RAM,64 bit Windows 10 Operating System,1 TB HDD|1 TB SSD,43.94 cm (17.3 inch) Display,"Shift, Cooler Boost 5, True Color 2.0, Nahimic 3",2 Year Carry In Warranty,,,,,
288,HP Spectre x360 Core i5 8th Gen - (8 GB/256 GB SSD/Windows 10 Pro) 13-ap0121TU 2 in 1 Laptop,"₹1,51,133",N/A,N/A,Intel Core i5 Processor (8th Gen),8 GB DDR4 RAM,64 bit Windows 10 Operating System,256 GB SSD,33.78 cm (13.3 inch) Touchscreen Display,"HP Support Assistant, HP JumpStart, HP Audio Switch, HP Connection Optimizer, Microsoft Office Home and Student 2016",1 Year Onsite Warranty,,,,,
289,Acer NITRO 5 Core i5 9th Gen - (8 GB/1 TB HDD/256 GB SSD/Windows 10 Home/6 GB Graphics/NVIDIA Geforce ...,"₹74,990","₹1,29,999",4.4,Intel Core i5 Processor (9th Gen),8 GB DDR4 RAM,64 bit Windows 10 Operating System,1 TB HDD|256 GB SSD,43.94 cm (17.3 inch) Display,1 Year International Warranty,,,,,,
290,MSI Core i7 7th Gen - (16 GB/1 TB HDD/256 GB SSD/Windows 10 Home/8 GB Graphics/NVIDIA Geforce GTX 1070...,"₹1,85,990",N/A,4.2,"Pre-installed Genuine Windows 10 Operating System (Includes Built-in Security, Free Automated Updates, Latest Features)",256 GB SSD for Reduced Boot Up Time and in Game Loading,MSI SHIFT Technology Minimizes Noise and Temperature and Maximizes Battery Life,NVIDIA Geforce GTX 1070 for Desktop Level Performance,Intel Core i7 Processor (7th Gen),16 GB DDR4 RAM,64 bit Windows 10 Operating System,1 TB HDD|256 GB SSD,43.94 cm (17.3 inch) Display,2 Years Warranty,,
291,Avita Liber Core i7 8th Gen - (8 GB/256 GB SSD/Windows 10 Home) NS14A2IN245P Thin and Light Laptop,"₹75,990","₹79,990",N/A,Intel Core i7 Processor (8th Gen),8 GB DDR4 RAM,64 bit Windows 10 Operating System,256 GB SSD,35.56 cm (14 inch) Display,18 Months Warranty + 6 Months Extended Warranty (6 Months Extended Warranty Upon Online Product Registration on www.avita-india.com),,,,,,
292,HP 15 Core i7 8th Gen - (8 GB/1 TB HDD/128 GB SSD/Windows 10 Home/4 GB Graphics) 15-dc0082TX Laptop,"₹1,16,941",N/A,N/A,Intel Core i7 Processor (8th Gen),8 GB DDR4 RAM,64 bit Windows 10 Operating System,1 TB HDD|128 GB SSD,39.62 cm (15.6 inch) Display,"HP Audio Switch, HP Support Assistant, Omen Command Center",1 Year Onsite Warranty,,,,,
293,HP Omen Core i5 7th Gen - (8 GB/1 TB HDD/128 GB SSD/Windows 10 Home/6 GB Graphics/NVIDIA Geforce GTX 1...,"₹1,37,098",N/A,N/A,"Pre-installed Genuine Windows 10 Operating System (Includes Built-in Security, Free Automated Updates, Latest Features)",NVIDIA Geforce GTX 1060 for Desktop Level Performance,128 GB SSD for Reduced Boot Up Time and in Game Loading,Full HD LED Backlit Anti-glare Display for Better Visual Experience,Intel Core i5 Processor (7th Gen),8 GB DDR4 RAM,64 bit Windows 10 Operating System,1 TB HDD|128 GB SSD,39.62 cm (15.6 inch) Display,"Cyberlink Power Media Player, Omen Audio Control, Omen Command Center, Support Assistant 8.0, Recovery Manager Installer for Windows 10",1 Year Onsite Warranty,
294,Acer Aspire 3 Athlon Dual Core - (4 GB/1 TB HDD/Windows 10 Home) A315-23 Laptop,"₹34,298",N/A,N/A,AMD Athlon Dual Core Processor,4 GB DDR4 RAM,64 bit Windows 10 Operating System,1 TB HDD,39.62 cm (15.6 inch) Display,"Acer Care Center, Acer Configuration Manager, Acer Product Registration, Quick Access",1 Year International Travelers Warranty (ITW),,,,,
295,HP Envy x360 Ryzen 5 Hexa Core - (8 GB/256 GB SSD/Windows 10 Home) 13-ay0044AU 2 in 1 Laptop,"₹74,990","₹80,018",4.6,AMD Ryzen 5 Hexa Core Processor,8 GB DDR4 RAM,64 bit Windows 10 Operating System,256 GB SSD,33.78 cm (13.3 inch) Touchscreen Display,Microsoft Office Home and Student 2019,1 Year Onsite Warranty,,,,,
296,HP Pavilion 13 Core i5 8th Gen - (8 GB/256 GB SSD/Windows 10 Home) 13-an0046tu Thin and Light Laptop,"₹79,251",N/A,N/A,Intel Core i5 Processor (8th Gen),8 GB DDR4 RAM,64 bit Windows 10 Operating System,256 GB SSD,33.78 cm (13.3 inch) Display,"HP Audio Switch, HP Support Assistant",1 Year Onsite Warranty,,,,,
302,Avita Liber Core i5 8th Gen - (8 GB/256 GB SSD/Windows 10 Home) NS14A2IN206P Thin and Light Laptop,"₹41,990","₹65,990",4.4,Intel Core i5 Processor (8th Gen),8 GB DDR4 RAM,64 bit Windows 10 Operating System,256 GB SSD,35.56 cm (14 inch) Display,18 Months Warranty + 6 Months Extended Warranty (6 Months Extended Warranty Upon Online Product Registration on www.avita-india.com),,,,,,
303,HP Spectre x360 Core i5 8th Gen - (8 GB/256 GB SSD/Windows 10 Home) 13-ap0100TU 2 in 1 Laptop,"₹1,40,337",N/A,N/A,Intel Core i5 Processor (8th Gen),8 GB DDR4 RAM,64 bit Windows 10 Operating System,256 GB SSD,33.78 cm (13.3 inch) Touchscreen Display,"HP Support Assistant, HP JumpStart, HP Audio Switch, HP Connection Optimizer, Microsoft Office Home and Student 2016",1 Year Onsite Warranty,,,,,
304,MSI GL Core i7 7th Gen - (8 GB/1 TB HDD/Windows 10 Home/4 GB Graphics/NVIDIA Geforce GTX 1050) GL62 7R...,"₹95,990",N/A,N/A,"Pre-installed Genuine Windows 10 Operating System (Includes Built-in Security, Free Automated Updates, Latest Features)",NVIDIA Geforce GTX 1050 for Desktop Level Performance,Full HD LED Backlit Anti-glare Display for Better Visual Experience,Intel Core i7 Processor (7th Gen),8 GB DDR4 RAM,64 bit Windows 10 Operating System,1 TB HDD,39.62 cm (15.6 inch) Display,Dragon Gaming Center,2 Years Warranty,,
305,Asus FX503 Core i7 7th Gen - (8 GB/1 TB HDD/128 GB SSD/Windows 10 Home/4 GB Graphics/NVIDIA Geforce GT...,"₹87,990",N/A,5,"Pre-installed Genuine Windows 10 Operating System (Includes Built-in Security, Free Automated Updates, Latest Features)",NVIDIA Geforce GTX 1050 for Desktop Level Performance,Additional Fan Overboost Function Maximizes Cooling Efficiency,A High Capacity Battery Ensures Stay Productive and Entertained Throughout the Day,Powered by ICEpower Technology which Delivers Truly Immersive Listening and Gaming Experiences,Intel Core i7 Processor (7th Gen),8 GB DDR4 RAM,64 bit Windows 10 Operating System,1 TB HDD|128 GB SSD,39.62 cm (15.6 inch) Display,2 Years Onsite Warranty,
306,Avita Liber Core i7 8th Gen - (8 GB/256 GB SSD/Windows 10 Home) NS14A2IN239P Thin and Light Laptop,"₹75,990","₹79,990",N/A,Intel Core i7 Processor (8th Gen),8 GB DDR4 RAM,64 bit Windows 10 Operating System,256 GB SSD,35.56 cm (14 inch) Display,18 Months Warranty + 6 Months Extended Warranty (6 Months Extended Warranty Upon Online Product Registration on www.avita-india.com),,,,,,
307,HP Pavilion Core i5 8th Gen - (8 GB/1 TB HDD/128 GB SSD/Windows 10 Home/4 GB Graphics/NVIDIA Geforce G...,"₹94,543",N/A,3.3,Intel Core i5 Processor (8th Gen),8 GB DDR4 RAM,64 bit Windows 10 Operating System,1 TB HDD|128 GB SSD,39.62 cm (15.6 inch) Display,"HP Audio Switch, HP CoolSense, HP Support Assistant",1 Year Onsite Warranty,,,,,
308,Acer Predator Triton 300 Core i7 9th Gen - (8 GB/2 TB HDD/256 GB SSD/Windows 10 Home/4 GB Graphics/NVI...,"₹94,990","₹1,25,999",4.7,144 Hz Refresh Rate- It can display upto 144 frames per second.,Intel Core i7 Processor (9th Gen),8 GB DDR4 RAM,64 bit Windows 10 Operating System,2 TB HDD|256 GB SSD,39.62 cm (15.6 inch) Display,"Acer Product Registration, Acer Collection",1 Year International Travelers Warranty (ITW),,,,
309,Acer Aspire Core i3 6th Gen - (4 GB/128 GB SSD/Windows 10 Home) X349-M Laptop,"₹49,449",N/A,N/A,"Pre-installed Genuine Windows 10 Operating System (Includes Built-in Security, Free Automated Updates, Latest Features)",Intel Core i3 Processor (6th Gen),4 GB DDR4 RAM,64 bit Windows 10 Operating System,128 GB SSD,35.56 cm (14 inch) Display,1 Year International Travelers Warranty (ITW),,,,,
310,Asus Ryzen 5 Hexa Core - (8 GB/512 GB SSD/Windows 10 Home) M433IA-EB591TS Thin and Light Laptop,"₹60,190",N/A,N/A,AMD Ryzen 5 Hexa Core Processor,8 GB DDR4 RAM,64 bit Windows 10 Operating System,512 GB SSD,35.56 cm (14 inch) Display,"My Asus, Splendid, Microsoft Office Home and Student 2019",1 Year Onsite Warranty,,,,,
311,MSI GF63 Thin Core i5 10th Gen - (8 GB/512 GB SSD/Windows 10 Home/4 GB Graphics/NVIDIA Geforce GTX 165...,"₹82,990","₹89,990",N/A,Intel Core i5 Processor (10th Gen),8 GB DDR4 RAM,64 bit Windows 10 Operating System,512 GB SSD,39.62 cm (15.6 inch) Display,"Cooler Boost, Audio Boost, Dragon Center, Nahimic 3",2 Years Carry In Warranty,,,,,
312,Asus VivoBook Flip 14 Core i3 10th Gen - (4 GB/512 GB SSD/Windows 10 Home) TP412FA-EC371TS 2 in 1 Lapt...,"₹51,990","₹52,520",4.1,Intel Core i3 Processor (10th Gen),4 GB DDR4 RAM,64 bit Windows 10 Operating System,512 GB SSD,35.56 cm (14 inch) Touchscreen Display,"My Asus, Splendid, Pre-Installed MS Office Home and Student 2019",1 Year Onsite Warranty,,,,,
313,Asus VivoBook 15 Core i5 8th Gen - (8 GB/512 GB SSD/Windows 10 Home/2 GB Graphics) X512FL-EJ501T Thin ...,"₹55,990","₹56,511",3.8,Intel Core i5 Processor (8th Gen),8 GB DDR4 RAM,64 bit Windows 10 Operating System,512 GB SSD,39.62 cm (15.6 inch) Display,My Asus,1 Year Onsite Warranty,,,,,
314,Avita Liber Core i7 8th Gen - (8 GB/256 GB SSD/Windows 10 Home) NS14A2IN246P Thin and Light Laptop,"₹75,990","₹79,990",N/A,Intel Core i7 Processor (8th Gen),8 GB DDR4 RAM,64 bit Windows 10 Operating System,256 GB SSD,35.56 cm (14 inch) Display,18 Months Warranty + 6 Months Extended Warranty (6 Months Extended Warranty Upon Online Product Registration on www.avita-india.com),,,,,,
315,Avita Liber Core i5 8th Gen - (8 GB/256 GB SSD/Windows 10 Home) NS14A2IN196P Thin and Light Laptop,"₹41,990","₹65,990",4.4,Intel Core i5 Processor (8th Gen),8 GB DDR4 RAM,64 bit Windows 10 Operating System,256 GB SSD,35.56 cm (14 inch) Display,18 Months Warranty + 6 Months Extended Warranty (6 Months Extended Warranty Upon Online Product Registration on www.avita-india.com),,,,,,
316,Acer Predator Helios 300 Core i5 7th Gen - (8 GB/1 TB HDD/128 GB SSD/Windows 10 Home/4 GB Graphics/NVI...,"₹1,29,999",N/A,4.5,"Pre-installed Genuine Windows 10 Operating System (Includes Built-in Security, Free Automated Updates, Latest Features)",Dual Fan Cooling with Metal AeroBlade 3D,128 GB SSD for Reduced Boot Up Time and in Game Loading,Upgradable SSD Upto 512 GB and RAM Upto 32 GB,NVIDIA Geforce GTX 1050Ti for Desktop Level Performance,Intel Core i5 Processor (7th Gen),8 GB DDR4 RAM,64 bit Windows 10 Operating System,1 TB HDD|128 GB SSD,39.62 cm (15.6 inch) Display,"Acer Care Center, Acer Collection, Acer Configuration Manager, Quick Access",1 Year International Travelers Warranty (ITW)
317,Asus ROG Zephyrus S Core i7 9th Gen - (24 GB/1 TB SSD/Windows 10 Home/8 GB Graphics/NVIDIA Geforce RTX...,"₹3,22,990",N/A,N/A,Intel Core i7 Processor (9th Gen),24 GB DDR4 RAM,64 bit Windows 10 Operating System,1 TB SSD,39.62 cm (15.6 inch) Display,1 Year Onsite Warranty,,,,,,
318,Asus ZenBook Classic Core i5 10th Gen - (8 GB/512 GB SSD/Windows 10 Home/2 GB Graphics) UX334FL-A5822T...,"₹88,490","₹1,05,990",N/A,Intel Core i5 Processor (10th Gen),8 GB DDR4 RAM,64 bit Windows 10 Operating System,512 GB SSD,33.78 cm (13.3 inch) Display,"Asus Splendid, Microsoft Office Home and Student 2019",1 Year Onsite Warranty,,,,,
319,Avita Liber Core i7 8th Gen - (8 GB/256 GB SSD/Windows 10 Home) NS14A2IN247P Thin and Light Laptop,"₹75,990","₹79,990",N/A,Intel Core i7 Processor (8th Gen),8 GB DDR4 RAM,64 bit Windows 10 Operating System,256 GB SSD,35.56 cm (14 inch) Display,18 Months Warranty + 6 Months Extended Warranty (6 Months Extended Warranty Upon Online Product Registration on www.avita-india.com),,,,,,
320,Asus ROG Core i7 7th Gen - (8 GB/1 TB HDD/Windows 10 Home/4 GB Graphics/NVIDIA Geforce GTX 1050) GL553...,"₹1,07,990",N/A,4.3,2.8 GHz with Turbo Boost Upto 3.8 GHz Clock Speed,"Pre-installed Genuine Windows 10 Operating System (Includes Built-in Security, Free Automated Updates, Latest Features)",NVIDIA Geforce GTX 1050 for Desktop Level Performance,Full HD LED Backlit Ultra Slim 300-nits Anti-glare Display,Intel Core i7 Processor (7th Gen),8 GB DDR4 RAM,64 bit Windows 10 Operating System,1 TB HDD,39.62 cm (15.6 inch) Display,2 Years Onsite Warranty,,
321,Avita Liber Core i7 8th Gen - (8 GB/256 GB SSD/Windows 10 Home) NS14A2IN249P Thin and Light Laptop,"₹75,990","₹79,990",N/A,Intel Core i7 Processor (8th Gen),8 GB DDR4 RAM,64 bit Windows 10 Operating System,256 GB SSD,35.56 cm (14 inch) Display,18 Months Warranty + 6 Months Extended Warranty (6 Months Extended Warranty Upon Online Product Registration on www.avita-india.com),,,,,,
322,Lenovo Legion Y530 Core i5 8th Gen - (8 GB/1 TB HDD/128 GB SSD/Windows 10 Home/4 GB Graphics/NVIDIA Ge...,"₹76,990","₹95,000",4.3,Intel Core i5 Processor (8th Gen),8 GB DDR4 RAM,64 bit Windows 10 Operating System,1 TB HDD|128 GB SSD,39.62 cm (15.6 inch) Display,"Lenovo App Explorer, Lenovo Companion 3.0",1 Year Onsite Warranty,,,,,
323,Asus VivoBook S14 Core i7 8th Gen - (8 GB/1 TB HDD/256 GB SSD/Windows 10 Home/2 GB Graphics) S430FN-EB...,"₹79,990","₹86,990",4.4,Intel Core i7 Processor (8th Gen),8 GB DDR4 RAM,64 bit Windows 10 Operating System,1 TB HDD|256 GB SSD,35.56 cm (14 inch) Display,"Asus Splendid, Asus Smart Gesture",1 Year Limited International Hardware Warranty,,,,,
324,Alienware Core i7 10th Gen - (16 GB/1 TB SSD/Windows 10 Home/8 GB Graphics/NVIDIA Geforce RTX 2070) m1...,"₹2,64,990","₹2,93,080",N/A,Intel Core i7 Processor (10th Gen),16 GB DDR4 RAM,64 bit Windows 10 Operating System,1 TB SSD,39.62 cm (15.6 inch) Display,Microsoft Office Home and Student 2019,"1 Year Limited Hardware Warranty, In Home Service After Remote Diagnosis - Retail",,,,,
325,Alienware Core i9 10th Gen - (32 GB/1 TB SSD/Windows 10 Home/8 GB Graphics/NVIDIA Geforce RTX 2080 wit...,"₹3,39,990","₹3,49,478",5,Intel Core i9 Processor (10th Gen),32 GB DDR4 RAM,64 bit Windows 10 Operating System,1 TB SSD,39.62 cm (15.6 inch) Display,Microsoft Office Home and Student 2019,"1 Year Limited Hardware Warranty, In Home Service After Remote Diagnosis - Retail",,,,,
